Workbook

Sheet MIRORING MICRODEMAND
J1: =subtotal(9,J4:J3194) -> 5932 | K1: =subtotal(9,K4:K3194) -> 47592 | L1: =subtotal(9,L4:L3194) -> 893926583 | R1: KOMITMEN | AI1: GOLIVE
A2: =IFERROR(__xludf.DUMMYFUNCTION("QUERY(IMPORTRANGE(""https://docs.google.com/spreadsheets/d/1tvmbsYYalrgna1O0Aq5q2OEY3XxIv65LL8X1H4RN6tQ/edit"",""microdemand 2026!A1:Af""))"),"") | B2: =IFERROR(__xludf.DUMMYFUNCTION("""COMPUTED_VALUE"""),2736.0) -> 2736 | K2: =IFERROR(__xludf.DUMMYFUNCTION("""COMPUTED_VALUE"""),170760.0) -> 170760 | M2: =IFERROR(__xludf.DUMMYFUNCTION("""COMPUTED_VALUE"""),1.99627831031E11) -> 199627831031 | O2: =IFERROR(__xludf.DUMMYFUNCTION("""COMPUTED_VALUE"""),"RUMUS, HANYA UPDATE KOLOM P") -> RUMUS, HANYA UPDATE KOLOM P | P2: =IFERROR(__xludf.DUMMYFUNCTION("""COMPUTED_VALUE"""),"SUB STATUS JGN DICOPY PASTE !!!!! Perhatikan Ujung Nomor Sub status, menggambarkan status TSB") -> SUB STATUS JGN DICOPY PASTE !!!!! Perhatikan Ujung Nomor Sub status, menggambarkan status TSB | Q2: =IFERROR(__xludf.DUMMYFUNCTION("""COMPUTED_VALUE""")," ") | AC2: =IFERROR(__xludf.DUMMYFUNCTION("""COMPUTED_VALUE"""),"UPDATE OLEH SDI !!!") -> UPDATE OLEH SDI !!! | BS2: UPDATE KPI ED SUMBAGTENG MtD based on target HO | CD2: UPDATE KPI ED SUMBAGTENG YtD based on target HO
C3: =IFERROR(__xludf.DUMMYFUNCTION("""COMPUTED_VALUE"""),"NAMA LOP") -> NAMA LOP | D3: =IFERROR(__xludf.DUMMYFUNCTION("""COMPUTED_VALUE"""),"REGIONAL") -> REGIONAL | E3: =IFERROR(__xludf.DUMMYFUNCTION("""COMPUTED_VALUE"""),"AREA") -> AREA | F3: =IFERROR(__xludf.DUMMYFUNCTION("""COMPUTED_VALUE"""),"STO") -> STO | G3: =IFERROR(__xludf.DUMMYFUNCTION("""COMPUTED_VALUE"""),"REGION FMC") -> REGION FMC | H3: =IFERROR(__xludf.DUMMYFUNCTION("""COMPUTED_VALUE"""),"BRANCH FMC") -> BRANCH FMC | I3: =IFERROR(__xludf.DUMMYFUNCTION("""COMPUTED_VALUE"""),"BATCH PROGRAM") -> BATCH PROGRAM | N3: =IFERROR(__xludf.DUMMYFUNCTION("""COMPUTED_VALUE"""),"Mitra") -> Mitra | O3: =IFERROR(__xludf.DUMMYFUNCTION("""COMPUTED_VALUE"""),"Status") -> Status | P3: =IFERROR(__xludf.DUMMYFUNCTION("""COMPUTED_VALUE"""),"SUB STATUS KONS") -> SUB STATUS KONS | Q3: =IFERROR(__xludf.DUMMYFUNCTION("""COMPUTED_VALUE"""),"DETAIL STATUS") -> DETAIL STATUS | S3: =IFERROR(__xludf.DUMMYFUNCTION("""COMPUTED_VALUE"""),"TARGET GOLIVE APRIL") -> TARGET GOLIVE APRIL | T3: =IFERROR(__xludf.DUMMYFUNCTION("""COMPUTED_VALUE"""),"Prioritas 1 by Tsel") -> Prioritas 1 by Tsel | U3: =IFERROR(__xludf.DUMMYFUNCTION("""COMPUTED_VALUE"""),"PID (PROACTIVE)") -> PID (PROACTIVE) | V3: =IFERROR(__xludf.DUMMYFUNCTION("""COMPUTED_VALUE"""),"WASPANG") -> WASPANG | W3: =IFERROR(__xludf.DUMMYFUNCTION("""COMPUTED_VALUE"""),"PROJECT ADMIN") -> PROJECT ADMIN | X3: =IFERROR(__xludf.DUMMYFUNCTION("""COMPUTED_VALUE"""),"STATUS GOLIVE") -> STATUS GOLIVE | Y3: =IFERROR(__xludf.DUMMYFUNCTION("""COMPUTED_VALUE"""),"KENDALA GOLIVE") -> KENDALA GOLIVE | Z3: =IFERROR(__xludf.DUMMYFUNCTION("""COMPUTED_VALUE"""),"Progres MINOL") -> Progres MINOL | AC3: =IFERROR(__xludf.DUMMYFUNCTION("""COMPUTED_VALUE"""),"ID SW ABD") -> ID SW ABD | AF3: =IFERROR(__xludf.DUMMYFUNCTION("""COMPUTED_VALUE"""),"KET") -> KET | AH3: KOMITMEN TA | AI3: DEVIASI DARI KOMITMEN | AJ3: KET DEV | AK3: PLAN APRIL | AX3: GRAND TOTAL ODP & PORT | BB3: =subtotal(9,BB7:BB3194) -> 8 | BC3: =subtotal(9,BC7:BC3194) -> 64 | BS3: =UPPER(TEXT(#REF!,"[$-421]DDDD, DD MMMM YYYY")) -> #REF! | CD3: =UPPER(TEXT(#REF!,"[$-421]DDDD, DD MMMM YYYY")) -> #REF!
A4: =IFERROR(__xludf.DUMMYFUNCTION("""COMPUTED_VALUE"""),2026.0) -> 2026 | B4: =IFERROR(__xludf.DUMMYFUNCTION("""COMPUTED_VALUE"""),1.0882441E7) -> 10882441 | C4: =IFERROR(__xludf.DUMMYFUNCTION("""COMPUTED_VALUE"""),"SMU-ODC-PMS-FBS D10 BANTAN RESIDEN") -> SMU-ODC-PMS-FBS D10 BANTAN RESIDEN | D4: =IFERROR(__xludf.DUMMYFUNCTION("""COMPUTED_VALUE"""),"REGIONAL I") -> REGIONAL I | E4: =IFERROR(__xludf.DUMMYFUNCTION("""COMPUTED_VALUE"""),"SUMUT") -> SUMUT | F4: =IFERROR(__xludf.DUMMYFUNCTION("""COMPUTED_VALUE"""),"PMS") -> PMS | G4: =IFERROR(__xludf.DUMMYFUNCTION("""COMPUTED_VALUE"""),"SUMBAGUT") -> SUMBAGUT | H4: =IFERROR(__xludf.DUMMYFUNCTION("""COMPUTED_VALUE"""),"PEMATANG SIANTAR") -> PEMATANG SIANTAR | I4: =IFERROR(__xludf.DUMMYFUNCTION("""COMPUTED_VALUE"""),"Batch 1") -> Batch 1 | J4: =IFERROR(__xludf.DUMMYFUNCTION("""COMPUTED_VALUE"""),13.0) -> 13 | K4: =IFERROR(__xludf.DUMMYFUNCTION("""COMPUTED_VALUE"""),104.0) -> 104 | L4: =IFERROR(__xludf.DUMMYFUNCTION("""COMPUTED_VALUE"""),1282323.0) -> 1282323 | M4: =IFERROR(__xludf.DUMMYFUNCTION("""COMPUTED_VALUE"""),1.33361508E8) -> 133361508 | N4: =IFERROR(__xludf.DUMMYFUNCTION("""COMPUTED_VALUE"""),"PT GARINDO TECHNO MANDIRI") -> PT GARINDO TECHNO MANDIRI | O4: =IFERROR(__xludf.DUMMYFUNCTION("""COMPUTED_VALUE"""),"5. INSTALASI") -> 5. INSTALASI | P4: =IFERROR(__xludf.DUMMYFUNCTION("""COMPUTED_VALUE"""),"5.4 Proses Penanaman Tiang") -> 5.4 Proses Penanaman Tiang | Q4: =IFERROR(__xludf.DUMMYFUNCTION("""COMPUTED_VALUE"""),"27/4 hari ini team proses tanam tiang total 21 batang, KU 24 (3643 ) belum progres, KU 12c 481 belum progres ODP 13 belum progres, , 23/4 prepair tim untuk pengambilan material, 22/4 proses input alista kendala penambahan PA, 21/4 proses input alista k"&"endala ganti pid baru, 20/4 proses input alista kendala masih penambahan PA, 16/4 proses input alista kendala masih penambahan PA, 15/4 proses input alista kendala masih penambahan PA, 14/4 proses input alista kendala masih penambahan PA, 13/4 proses inpu"&"t material di alista, 10/4 cpp naik 1,3, 9/4 menunggu boq kml hasil survey, 8/4 mitra belum kelokasi untk survey, 6/4 plan survey besok 7 april, 5/4 tim belum turun ke lokasi untuk survey, 1/4 plan survey bsk tgl 2 april (kendala hujan di lokasi), 31/3 pl"&"an survey tgl 1 april, 30/3 plan survey tgl 31 maret, 27/3 plan survey tanggal 30, 26/3 prepair team untuk survey kelokasi, 22/3 prepair team untuk survey kelokasi, 18/3 plan survey seletal lebaran, 16/3 plan survey besok 17 maret, 2/3 prepairt team untu"&"k survey kelokasi ( peralihan dari mitra cpm), 27/2 prepair team untuk survey kelokasi, 25/2 menunggu boq kml dari sdi, 24/2 plan survey ulang redesign , drop dikarnakan diloaksi masih banyak odp yg kosong, (07/01) Persiapan ") -> 27/4 hari ini team proses tanam tiang total 21 batang, KU 24 (3643 ) belum progres, KU 12c 481 belum progres ODP 13 belum progres, , 23/4 prepair tim untuk pengambilan material, 22/4 proses input alista kendala penambahan PA, 21/4 proses input alista kendala ganti pid baru, 20/4 proses input alista kendala masih penambahan PA, 16/4 proses input alista kendala masih penambahan PA, 15/4 proses input alista kendala masih penambahan PA, 14/4 proses input alista kendala masih penambahan PA, 13/4 proses input material di alista, 10/4 cpp naik 1,3, 9/4 menunggu boq kml hasil survey, 8/4 mitra belum kelokasi untk survey, 6/4 plan survey besok 7 april, 5/4 tim belum turun ke lokasi untuk survey, 1/4 plan survey bsk tgl 2 april (kendala hujan di lokasi), 31/3 plan survey tgl 1 april, 30/3 plan survey tgl 31 maret, 27/3 plan survey tanggal 30, 26/3 prepair team untuk survey kelokasi, 22/3 prepair team untuk survey kelokasi, 18/3 plan survey seletal lebaran, 16/3 plan survey besok 17 maret, 2/3 prepairt team untuk survey kelokasi ( peralihan dari mitra cpm), 27/2 prepair team untuk survey kelokasi, 25/2 menunggu boq kml dari sdi, 24/2 plan survey ulang redesign , drop dikarnakan diloaksi masih banyak odp yg kosong, (07/01) Persiapan | U4: =IFERROR(__xludf.DUMMYFUNCTION("""COMPUTED_VALUE"""),"W03-2193/2024") -> W03-2193/2024 | X4: =IFERROR(__xludf.DUMMYFUNCTION("""COMPUTED_VALUE"""),"BELUM GOLIVE") -> BELUM GOLIVE | Z4: =IFERROR(__xludf.DUMMYFUNCTION("""COMPUTED_VALUE"""),"#N/A") -> #N/A | AF4: =IFERROR(__xludf.DUMMYFUNCTION("""COMPUTED_VALUE"""),"Draft BA DROP") -> Draft BA DROP | AI4: =IF(OR(AH4="",AE4=""),"",AH4-AE4) | AJ4: =if(AI4>=0,"not yet","lewat komitmen") -> not yet | AX4: REAL GOLIVE ODP & PORT HI | BB4: 74 | BC4: 592 | BS4: =NOW() -> 46140.378
A5: =IFERROR(__xludf.DUMMYFUNCTION("""COMPUTED_VALUE"""),2026.0) -> 2026 | B5: =IFERROR(__xludf.DUMMYFUNCTION("""COMPUTED_VALUE"""),1.0991375E7) -> 10991375 | C5: =IFERROR(__xludf.DUMMYFUNCTION("""COMPUTED_VALUE"""),"MDN PT3 P7I2 LBP-FK PERUM MULIA RESIDENCE 8") -> MDN PT3 P7I2 LBP-FK PERUM MULIA RESIDENCE 8 | D5: =IFERROR(__xludf.DUMMYFUNCTION("""COMPUTED_VALUE"""),"REGIONAL I") -> REGIONAL I | E5: =IFERROR(__xludf.DUMMYFUNCTION("""COMPUTED_VALUE"""),"MEDAN") -> MEDAN | F5: =IFERROR(__xludf.DUMMYFUNCTION("""COMPUTED_VALUE"""),"LBP") -> LBP | G5: =IFERROR(__xludf.DUMMYFUNCTION("""COMPUTED_VALUE"""),"SUMBAGUT") -> SUMBAGUT | H5: =IFERROR(__xludf.DUMMYFUNCTION("""COMPUTED_VALUE"""),"MEDAN") -> MEDAN | I5: =IFERROR(__xludf.DUMMYFUNCTION("""COMPUTED_VALUE"""),"Batch 1") -> Batch 1 | J5: =IFERROR(__xludf.DUMMYFUNCTION("""COMPUTED_VALUE"""),2.0) -> 2 | K5: =IFERROR(__xludf.DUMMYFUNCTION("""COMPUTED_VALUE"""),16.0) -> 16 | L5: =IFERROR(__xludf.DUMMYFUNCTION("""COMPUTED_VALUE"""),861263.0) -> 861263 | M5: =IFERROR(__xludf.DUMMYFUNCTION("""COMPUTED_VALUE"""),1.3780207E7) -> 13780207 | N5: =IFERROR(__xludf.DUMMYFUNCTION("""COMPUTED_VALUE"""),"PT TEKNOLOGI KARYA MANDIRI") -> PT TEKNOLOGI KARYA MANDIRI | O5: =IFERROR(__xludf.DUMMYFUNCTION("""COMPUTED_VALUE"""),"0. DROP") -> 0. DROP | P5: =IFERROR(__xludf.DUMMYFUNCTION("""COMPUTED_VALUE"""),"0.2 Tidak Dapat Izin Warga/Kades/Lurah/Developer") -> 0.2 Tidak Dapat Izin Warga/Kades/Lurah/Developer | Q5: =IFERROR(__xludf.DUMMYFUNCTION("""COMPUTED_VALUE"""),"20/04 tidak dapat ijin developer 09/04 fu perizinan ke CHAM 02/03 proses izin devloper (07/01) Persiapan") -> 20/04 tidak dapat ijin developer 09/04 fu perizinan ke CHAM 02/03 proses izin devloper (07/01) Persiapan | V5: =IFERROR(__xludf.DUMMYFUNCTION("""COMPUTED_VALUE"""),"27/Apr/2026") -> 27/Apr/2026 | X5: =IFERROR(__xludf.DUMMYFUNCTION("""COMPUTED_VALUE"""),"BELUM GOLIVE") -> BELUM GOLIVE | Z5: =IFERROR(__xludf.DUMMYFUNCTION("""COMPUTED_VALUE"""),"#N/A") -> #N/A | AI5: =IF(OR(R5="",AE5=""),"",R5-AE5) | AJ5: =if(AI5>=0,"not yet","lewat komitmen") -> not yet | AX5: ACH | BB5: =BB4/BB3 -> 9.25 | BC5: =BC4/BC3 -> 9.25 | BS5: DISTRICT | BT5: PT2 | BW5: PT3 | BZ5: DEPLOYMENT ALPRO | CD5: DISTRICT | CE5: PT2 | CH5: PT3 | CK5: DEPLOYMENT ALPRO
A6: =IFERROR(__xludf.DUMMYFUNCTION("""COMPUTED_VALUE"""),2026.0) -> 2026 | B6: =IFERROR(__xludf.DUMMYFUNCTION("""COMPUTED_VALUE"""),1.0991468E7) -> 10991468 | C6: =IFERROR(__xludf.DUMMYFUNCTION("""COMPUTED_VALUE"""),"MDN PT3 P7I2 TJR-FXX UKNOWN RESIDENCE") -> MDN PT3 P7I2 TJR-FXX UKNOWN RESIDENCE | D6: =IFERROR(__xludf.DUMMYFUNCTION("""COMPUTED_VALUE"""),"REGIONAL I") -> REGIONAL I | E6: =IFERROR(__xludf.DUMMYFUNCTION("""COMPUTED_VALUE"""),"MEDAN") -> MEDAN | F6: =IFERROR(__xludf.DUMMYFUNCTION("""COMPUTED_VALUE"""),"TJR") -> TJR | G6: =IFERROR(__xludf.DUMMYFUNCTION("""COMPUTED_VALUE"""),"SUMBAGUT") -> SUMBAGUT | H6: =IFERROR(__xludf.DUMMYFUNCTION("""COMPUTED_VALUE"""),"MEDAN") -> MEDAN | I6: =IFERROR(__xludf.DUMMYFUNCTION("""COMPUTED_VALUE"""),"Batch 1") -> Batch 1 | J6: =IFERROR(__xludf.DUMMYFUNCTION("""COMPUTED_VALUE"""),9.0) -> 9 | K6: =IFERROR(__xludf.DUMMYFUNCTION("""COMPUTED_VALUE"""),72.0) -> 72 | L6: =IFERROR(__xludf.DUMMYFUNCTION("""COMPUTED_VALUE"""),1369463.0) -> 1369463 | M6: =IFERROR(__xludf.DUMMYFUNCTION("""COMPUTED_VALUE"""),9.8601293E7) -> 98601293 | N6: =IFERROR(__xludf.DUMMYFUNCTION("""COMPUTED_VALUE"""),"PT SINAR KEPRI SEJAHTERA") -> PT SINAR KEPRI SEJAHTERA | O6: =IFERROR(__xludf.DUMMYFUNCTION("""COMPUTED_VALUE"""),"0. DROP") -> 0. DROP | P6: =IFERROR(__xludf.DUMMYFUNCTION("""COMPUTED_VALUE"""),"0.1 Double Order") -> 0.1 Double Order | Q6: =IFERROR(__xludf.DUMMYFUNCTION("""COMPUTED_VALUE"""),"17/02 double order IHLD 11081234") -> 17/02 double order IHLD 11081234 | X6: =IFERROR(__xludf.DUMMYFUNCTION("""COMPUTED_VALUE"""),"BELUM GOLIVE") -> BELUM GOLIVE | Z6: =IFERROR(__xludf.DUMMYFUNCTION("""COMPUTED_VALUE"""),"#N/A") -> #N/A | AF6: =IFERROR(__xludf.DUMMYFUNCTION("""COMPUTED_VALUE"""),"Draft BA DROP") -> Draft BA DROP | AI6: =IF(OR(R6="",AE6=""),"",R6-AE6) | AJ6: =if(AI6>=0,"not yet","lewat komitmen") -> not yet | AR6: NO | AS6: TAHUN | AT6: ID-IHLD | AU6: NAMA LOP | AV6: REGIONAL | AW6: AREA | AX6: STO | AY6: REGION FMC | AZ6: BRANCH FMC | BA6: BATCH PROGRAM | BB6: ODP PLAN | BC6: PORT PLAN | BD6: NAMA MITRA | BE6: STATUS | BF6: SUB STATUS KONS | BG6: DETAIL STATUS | BH6: BULAN GOLIVE | BI6: KOMITMEN GOLIVE | BJ6: Tgl Golive | BK6: FINAL | BL6: POTENSI PORT GL HARIAN | BT6: Target | BU6: Realisasi MtD | BV6: Ach | BW6: Target | BX6: Realisasi MtD | BY6: Ach | BZ6: Target | CA6: Realisasi MtD | CB6: Ach | CE6: Target | CF6: Realisasi YtD | CG6: Ach | CH6: Target | CI6: Realisasi YtD | CJ6: Ach | CK6: Target | CL6: Realisasi YtD | CM6: Ach
A7: =IFERROR(__xludf.DUMMYFUNCTION("""COMPUTED_VALUE"""),2026.0) -> 2026 | B7: =IFERROR(__xludf.DUMMYFUNCTION("""COMPUTED_VALUE"""),1.1091798E7) -> 11091798 | C7: =IFERROR(__xludf.DUMMYFUNCTION("""COMPUTED_VALUE"""),"SMU ODC-SIH-FAJ D02 CLUST SUMATERA UTARA_1414") -> SMU ODC-SIH-FAJ D02 CLUST SUMATERA UTARA_1414 | D7: =IFERROR(__xludf.DUMMYFUNCTION("""COMPUTED_VALUE"""),"REGIONAL I") -> REGIONAL I | E7: =IFERROR(__xludf.DUMMYFUNCTION("""COMPUTED_VALUE"""),"SUMUT") -> SUMUT | F7: =IFERROR(__xludf.DUMMYFUNCTION("""COMPUTED_VALUE"""),"SIH") -> SIH | G7: =IFERROR(__xludf.DUMMYFUNCTION("""COMPUTED_VALUE"""),"SUMBAGUT") -> SUMBAGUT | H7: =IFERROR(__xludf.DUMMYFUNCTION("""COMPUTED_VALUE"""),"RANTAU PRAPAT") -> RANTAU PRAPAT | I7: =IFERROR(__xludf.DUMMYFUNCTION("""COMPUTED_VALUE"""),"Batch 1") -> Batch 1 | J7: =IFERROR(__xludf.DUMMYFUNCTION("""COMPUTED_VALUE"""),20.0) -> 20 | K7: =IFERROR(__xludf.DUMMYFUNCTION("""COMPUTED_VALUE"""),160.0) -> 160 | L7: =IFERROR(__xludf.DUMMYFUNCTION("""COMPUTED_VALUE"""),640620.0) -> 640620 | M7: =IFERROR(__xludf.DUMMYFUNCTION("""COMPUTED_VALUE"""),1.02499169E8) -> 102499169 | N7: =IFERROR(__xludf.DUMMYFUNCTION("""COMPUTED_VALUE"""),"PT SALTTEK DUMPANG JAYA") -> PT SALTTEK DUMPANG JAYA | O7: =IFERROR(__xludf.DUMMYFUNCTION("""COMPUTED_VALUE"""),"3. PERIZINAN") -> 3. PERIZINAN | P7: =IFERROR(__xludf.DUMMYFUNCTION("""COMPUTED_VALUE"""),"3.1 Submit permohon ke PU") -> 3.1 Submit permohon ke PU | Q7: =IFERROR(__xludf.DUMMYFUNCTION("""COMPUTED_VALUE"""),"27/4 ( ada nya kenaikan nilai dan cpp karna plan pembangunan hanya d2 tetapi dilokasi belum ada pembangunan odc dan new d1, ) paralel menunggu ttd GM terkait pengantar ijin pu prov (ada permintaan biaya dari pu sebesar 45jt), 24/4 ( ada nya kenaikan "&"nilai dan cpp karna plan pembangunan hanya d2 tetapi dilokasi belum ada pembangunan odc dan new d1, ) paralel menunggu ttd GM terkait pengantar ijin pu prov (ada permintaan biaya dari pu sebesar 45jt), 23/4 ( ada nya kenaikan nilai dan cpp karna pla"&"n pembangunan hanya d2 tetapi dilokasi belum ada pembangunan odc dan new d1, ) paralel menunggu ttd GM terkait pengantar ijin pu prov (ada permintaan biaya dari pu sebesar 45jt), 22/4 menunggu ttd GM terkait pengantar ijin pu prov (ada permintaan biay"&"a dari pu sebesar 45jt), 21/4 menunggu ttd GM terkait pengantar ijin pu prov (45jt), 20/4 menunggu ttd GM terkait pengantar ijin pu prov (45jt), 16/4 menunggu ttd GM terkait pengantar ijin pu prov (45jt), 15/4 menunggu approve pengantar ijin pu prov (45jt"&") paralel req matrial, 14/4 menunggu approve pengantar ijin pu prov (45jt) paralel req matrial, 13/4 menunggu approve pengantar ijin pu prov (45jt) paralel req matrial, 9/4 menunggu approve pengantar ijin pu prov (45jt) paralel req matrial, 8/4 menu"&"nggu approve pengantar ijin pu prov (45jt) paralel req matrial, 6/4 menunggu approve pengantar ijin pu prov (45jt) paralel req matrial, 5/4 menunggu approve pengantar ijin pu prov (45jt) paralel req matrial, 1/4 menunggu approve pengantar ijin pu pr"&"ov (45jt) paralel req matrial, 31/3 menunggu approve pengantar ijin pu prov (45jt) paralel req matrial, 30/3 menunggu approve pengantar ijin pu prov (45jt) paralel req matrial, 27/3 menunggu approve pengantar ijin pu prov (45jt) paralel req matrial, 2"&"6/3 menunggu approve pengantar ijin pu prov (45jt) paralel req matrial, 22/3 menunggu approve pengantar ijin pu prov (45jt) paralel req matrial, 18/3 menunggu approve pengantar ijin pu prov (45jt) paralel req matrial, 16/3 menunggu pengantar ijin pu p"&"rov (45jt) paralel req matrial, 13/3 menunggu pengantar ijin pu prov (45jt) paralel req matrial, 11/3 menunggu pengantar ijin pu prov (45jt) paralel req matrial, 10/3 menunggu pengantar ijin pu prov (45jt) paralel req matrial, 6/3 menunggu pengantar i"&"jin pu prov (45jt) paralel req matrial, 5/3 menunggu pengantar ijin pu prov (45jt) paralel req matrial, 4/3 menunggu pengantar ijin pu prov (45jt) paralel req matrial, 3/3 menunggu pengantar ijin pu prov (45jt) paralel req matrial, 2/3 menunggu pengan"&"tar ijin pu prov (45jt) paralel req matrial, 25/2 menunggu pengantar ijin pu prov (45jt) paralel req matrial, 24/2 menunggu pengantar ijin pu prov (45jt) paralel req matrial, 23/2 menunggu pengantar ijin pu prov (45jt) paralel req matrial, 20/2 menun"&"ggu pengantar ijin pu prov (45jt) paralel req matrial,19/2 menunggu pengantar ijin pu prov (45jt) paralel req matrial, 16/2 menunggu pengantar ijin pu prov (45jt) paralel req matrial, 13/2 menunggu pengantar ijin pu prov (45jt) paralel req matrial, 11"&"/2 menunggu pengantar ijin pu prov (45jt) paralel req matrial, 10/2 menunggu pengantar ijin pu prov (45jt) paralel req matrial, 9/2 menunggu pengantar ijin pu prov (45jt) paralel req matrial, 6/2 menunggu pengantar ijin pu prov paralel req matrial, 5"&"/2 menunggu pengantar ijin pu prov paralel req matrial, 3/2 menunggu pengantar ijin pu prov paralel req matrial, 2/2 menunggu pengantar ijin pu prov paralel req matrial, 1/2 menunggu pengantar ijin pu prov paralel req matrial, 30/1 menunggu pengantar iji"&"n pu prov paralel req matrial, 28/1 menunggu pengantar ijin pu prov paralel req matrial, 27/1 proses req pengantar ijin pu prov paralel req matrial, 26/1 proses req pengantar iin pu prov paralel req matrial, 23/1 prepair team untuk survey ulang hasil rede"&"sign, 22/1 dilokasi belum ada pembangunan odc dan distribusi 1, 21/1 dilokasi belum ada pembangunan odc dan distribusi 1, 20/1 menunggu info dari req terkait odc dan dis 1 belum ada dibanguan dilapangan, 19/1 plan survey 20/1, 15/1 plan survey 20/1, 14"&"/1 plan survey 22/1, 13/1 prepair team untuk penjadwalan survey, (07/01) Persiapan") -> 27/4 ( ada nya kenaikan nilai dan cpp karna plan pembangunan hanya d2 tetapi dilokasi belum ada pembangunan odc dan new d1, ) paralel menunggu ttd GM terkait pengantar ijin pu prov (ada permintaan biaya dari pu sebesar 45jt), 24/4 ( ada nya kenaikan nilai dan cpp karna plan pembangunan hanya d2 tetapi dilokasi belum ada pembangunan odc dan new d1, ) paralel menunggu ttd GM terkait pengantar ijin pu prov (ada permintaan biaya dari pu sebesar 45jt), 23/4 ( ada nya kenaikan nilai dan cpp karna plan pembangunan hanya d2 tetapi dilokasi belum ada pembangunan odc dan new d1, ) paralel menunggu ttd GM terkait pengantar ijin pu prov (ada permintaan biaya dari pu sebesar 45jt), 22/4 menunggu ttd GM terkait pengantar ijin pu prov (ada permintaan biaya dari pu sebesar 45jt), 21/4 menunggu ttd GM terkait pengantar ijin pu prov (45jt), 20/4 menunggu ttd GM terkait pengantar ijin pu prov (45jt), 16/4 menunggu ttd GM terkait pengantar ijin pu prov (45jt), 15/4 menunggu approve pengantar ijin pu prov (45jt) paralel req matrial, 14/4 menunggu approve pengantar ijin pu prov (45jt) paralel req matrial, 13/4 menunggu approve pengantar ijin pu prov (45jt) paralel req matrial, 9/4 menunggu approve pengantar ijin pu prov (45jt) paralel req matrial, 8/4 menunggu approve pengantar ijin pu prov (45jt) paralel req matrial, 6/4 menunggu approve pengantar ijin pu prov (45jt) paralel req matrial, 5/4 menunggu approve pengantar ijin pu prov (45jt) paralel req matrial, 1/4 menunggu approve pengantar ijin pu prov (45jt) paralel req matrial, 31/3 menunggu approve pengantar ijin pu prov (45jt) paralel req matrial, 30/3 menunggu approve pengantar ijin pu prov (45jt) paralel req matrial, 27/3 menunggu approve pengantar ijin pu prov (45jt) paralel req matrial, 26/3 menunggu approve pengantar ijin pu prov (45jt) paralel req matrial, 22/3 menunggu approve pengantar ijin pu prov (45jt) paralel req matrial, 18/3 menunggu approve pengantar ijin pu prov (45jt) paralel req matrial, 16/3 menunggu pengantar ijin pu prov (45jt) paralel req matrial, 13/3 menunggu pengantar ijin pu prov (45jt) paralel req matrial, 11/3 menunggu pengantar ijin pu prov (45jt) paralel req matrial, 10/3 menunggu pengantar ijin pu prov (45jt) paralel req matrial, 6/3 menunggu pengantar ijin pu prov (45jt) paralel req matrial, 5/3 menunggu pengantar ijin pu prov (45jt) paralel req matrial, 4/3 menunggu pengantar ijin pu prov (45jt) paralel req matrial, 3/3 menunggu pengantar ijin pu prov (45jt) paralel req matrial, 2/3 menunggu pengantar ijin pu prov (45jt) paralel req matrial, 25/2 menunggu pengantar ijin pu prov (45jt) paralel req matrial, 24/2 menunggu pengantar ijin pu prov (45jt) paralel req matrial, 23/2 menunggu pengantar ijin pu prov (45jt) paralel req matrial, 20/2 menunggu pengantar ijin pu prov (45jt) paralel req matrial,19/2 menunggu pengantar ijin pu prov (45jt) paralel req matrial, 16/2 menunggu pengantar ijin pu prov (45jt) paralel req matrial, 13/2 menunggu pengantar ijin pu prov (45jt) paralel req matrial, 11/2 menunggu pengantar ijin pu prov (45jt) paralel req matrial, 10/2 menunggu pengantar ijin pu prov (45jt) paralel req matrial, 9/2 menunggu pengantar ijin pu prov (45jt) paralel req matrial, 6/2 menunggu pengantar ijin pu prov paralel req matrial, 5/2 menunggu pengantar ijin pu prov paralel req matrial, 3/2 menunggu pengantar ijin pu prov paralel req matrial, 2/2 menunggu pengantar ijin pu prov paralel req matrial, 1/2 menunggu pengantar ijin pu prov paralel req matrial, 30/1 menunggu pengantar ijin pu prov paralel req matrial, 28/1 menunggu pengantar ijin pu prov paralel req matrial, 27/1 proses req pengantar ijin pu prov paralel req matrial, 26/1 proses req pengantar iin pu prov paralel req matrial, 23/1 prepair team untuk survey ulang hasil redesign, 22/1 dilokasi belum ada pembangunan odc dan distribusi 1, 21/1 dilokasi belum ada pembangunan odc dan distribusi 1, 20/1 menunggu info dari req terkait odc dan dis 1 belum ada dibanguan dilapangan, 19/1 plan survey 20/1, 15/1 plan survey 20/1, 14/1 plan survey 22/1, 13/1 prepair team untuk penjadwalan survey, (07/01) Persiapan | U7: =IFERROR(__xludf.DUMMYFUNCTION("""COMPUTED_VALUE"""),"TIF-1398/2026") -> TIF-1398/2026 | X7: =IFERROR(__xludf.DUMMYFUNCTION("""COMPUTED_VALUE"""),"BELUM GOLIVE") -> BELUM GOLIVE | Y7: =IFERROR(__xludf.DUMMYFUNCTION("""COMPUTED_VALUE"""),"Izin pu") -> Izin pu | Z7: =IFERROR(__xludf.DUMMYFUNCTION("""COMPUTED_VALUE"""),"0. Drop Site") -> 0. Drop Site | AI7: =IF(OR(R7="",AE7=""),"",R7-AE7) | AJ7: =if(AI7>=0,"not yet","lewat komitmen") -> not yet | AR7: 1 | AS7: 2026 | AT7: 12678877 | AU7: SMB PT3-SWL-FB KOTA SAWAHLUNTO_93280 | AV7: REGIONAL I | AW7: =xlookup(AX7,BANTU!B:B,BANTU!A:A) -> PADANG | AX7: SWL | AY7: SUMBAGTENG | AZ7: PADANG | BA7: Batch 3 | BB7: 6 | BC7: 48 | BD7: PT TANJUNG PUTRA PRIMA | BE7: 6. FINISH INSTALASI | BF7: 6.8 Sudah Submit ABD ke SDI | BG7: (05/03) ABD done submit ke sdi (02/03) ABD OGP submit ke sdi (18/02) penarikan kabel PLAN FI 22/02 (29/01) proses delivery material (21/01) proses CReate PID (07/01) Persiapan | BH7: MARET | BI7: 46086 | BK7: GOLIVE | BL7: 72
A8: =IFERROR(__xludf.DUMMYFUNCTION("""COMPUTED_VALUE"""),2026.0) -> 2026 | B8: =IFERROR(__xludf.DUMMYFUNCTION("""COMPUTED_VALUE"""),1.0997432E7) -> 10997432 | C8: =IFERROR(__xludf.DUMMYFUNCTION("""COMPUTED_VALUE"""),"SMU-P7I2-ODC-PMS-FAP-D05 KOPERASI") -> SMU-P7I2-ODC-PMS-FAP-D05 KOPERASI | D8: =IFERROR(__xludf.DUMMYFUNCTION("""COMPUTED_VALUE"""),"REGIONAL I") -> REGIONAL I | E8: =IFERROR(__xludf.DUMMYFUNCTION("""COMPUTED_VALUE"""),"SUMUT") -> SUMUT | F8: =IFERROR(__xludf.DUMMYFUNCTION("""COMPUTED_VALUE"""),"PMS") -> PMS | G8: =IFERROR(__xludf.DUMMYFUNCTION("""COMPUTED_VALUE"""),"SUMBAGUT") -> SUMBAGUT | H8: =IFERROR(__xludf.DUMMYFUNCTION("""COMPUTED_VALUE"""),"PEMATANG SIANTAR") -> PEMATANG SIANTAR | I8: =IFERROR(__xludf.DUMMYFUNCTION("""COMPUTED_VALUE"""),"Batch 1") -> Batch 1 | J8: =IFERROR(__xludf.DUMMYFUNCTION("""COMPUTED_VALUE"""),4.0) -> 4 | K8: =IFERROR(__xludf.DUMMYFUNCTION("""COMPUTED_VALUE"""),32.0) -> 32 | L8: =IFERROR(__xludf.DUMMYFUNCTION("""COMPUTED_VALUE"""),1173150.0) -> 1173150 | M8: =IFERROR(__xludf.DUMMYFUNCTION("""COMPUTED_VALUE"""),3.7540791E7) -> 37540791 | N8: =IFERROR(__xludf.DUMMYFUNCTION("""COMPUTED_VALUE"""),"PT UPENTEL INTERNASIONAL") -> PT UPENTEL INTERNASIONAL | O8: =IFERROR(__xludf.DUMMYFUNCTION("""COMPUTED_VALUE"""),"0. DROP") -> 0. DROP | P8: =IFERROR(__xludf.DUMMYFUNCTION("""COMPUTED_VALUE"""),"0.2 Tidak Dapat Izin Warga/Kades/Lurah/Developer") -> 0.2 Tidak Dapat Izin Warga/Kades/Lurah/Developer | Q8: =IFERROR(__xludf.DUMMYFUNCTION("""COMPUTED_VALUE"""),"DROP tidak ada ijiin akses dari warga dan pemerintah setempat, 13/1 menunggu info kelanjutan dari mitra est besok 14/1, (07/01) Persiapan") -> DROP tidak ada ijiin akses dari warga dan pemerintah setempat, 13/1 menunggu info kelanjutan dari mitra est besok 14/1, (07/01) Persiapan | U8: =IFERROR(__xludf.DUMMYFUNCTION("""COMPUTED_VALUE"""),"W03-1975/2024") -> W03-1975/2024 | X8: =IFERROR(__xludf.DUMMYFUNCTION("""COMPUTED_VALUE"""),"BELUM GOLIVE") -> BELUM GOLIVE | Z8: =IFERROR(__xludf.DUMMYFUNCTION("""COMPUTED_VALUE"""),"#N/A") -> #N/A | AF8: =IFERROR(__xludf.DUMMYFUNCTION("""COMPUTED_VALUE"""),"Draft BA DROP") -> Draft BA DROP | AI8: =IF(OR(R8="",AE8=""),"",R8-AE8) | AJ8: =if(AI8>=0,"not yet","lewat komitmen") -> not yet | AR8: 2 | AS8: 2026 | AT8: 12822895 | AU8: RKP TSEL PT3 LBJ-FBF BKG NUSANTARA 1 | AV8: REGIONAL I | AW8: =xlookup(AX8,BANTU!B:B,BANTU!A:A) -> BATAM | AX8: LBJ | AY8: SUMBAGTENG | AZ8: BATAM | BA8: Batch 3 | BB8: 3 | BC8: 24 | BD8: PT HDUA PUTRA PRAJODA | BE8: 6. FINISH INSTALASI | BF8: 6.7 Belum Submit ABD | BG8: 26/02 Terminasi ODP dan Jumper FTM. 18/02 Izin di acc dengan catatan haru benjar jaringan eksisting. 16/02 Plan anwijzing 19 Feb. 11/02 Peralihan mitra. 28/01 Mitra tripola belum ada PIC untuk anwijzing. 23/01 Plan anwijzing 26 Jan, pic mitra ada pertanggal 25 jan. 21/01 proses penunjukan mitra 11/02 Peralihan mitra. 28/01 Mitra tripola belum ada PIC untuk anwijzing. 23/01 Plan anwijzing 26 Jan, pic mitra ada pertanggal 25 jan. 21/01 proses penunjukan mitra | BH8: MARET | BI8: 46086 | BK8: GOLIVE | BS8: BATAM | BT8: 1140 | BU8: =SUMIFS( 'PT2 UNTSEL 2026'!$AS:$AS, 'PT2 UNTSEL 2026'!$AF:$AF,"BATAM", 'PT2 UNTSEL 2026'!$AZ:$AZ,"GO LIVE", 'PT2 UNTSEL 2026'!$T:$T,">="&DATE(2026,3,1), 'PT2 UNTSEL 2026'!$T:$T,"<"&DATE(2026,4,1) ) -> 600 | BV8: =BU8/BT8 -> 0.52631579 | BW8: 2317 | BX8: ='REPORT GOLIVE JPP - OLO'!U7 -> 120 | BY8: =BX8/BW8 -> 0.051791109 | BZ8: =BT8+BW8 -> 3457 | CA8: =BU8+BX8 -> 720 | CB8: =CA8/BZ8 -> 0.20827307 | CD8: BATAM | CE8: 5430 | CF8: =SUMIFS( 'PT2 UNTSEL 2026'!$AS:$AS, 'PT2 UNTSEL 2026'!$AF:$AF,"BATAM", 'PT2 UNTSEL 2026'!$AZ:$AZ,"GO LIVE") -> 1896 | CG8: =CF8/CE8 -> 0.34917127 | CH8: 7276 | CI8: =SUMIFS(K4:K3194,H4:H3194,"batam",R4:R3194,"golive") -> 0 | CJ8: =CI8/CH8 -> 0 | CK8: =CE8+CH8 -> 12706 | CL8: =CF8+CI8 -> 1896 | CM8: =CL8/CK8 -> 0.14922084
A9: =IFERROR(__xludf.DUMMYFUNCTION("""COMPUTED_VALUE"""),2026.0) -> 2026 | B9: =IFERROR(__xludf.DUMMYFUNCTION("""COMPUTED_VALUE"""),1.1013283E7) -> 11013283 | C9: =IFERROR(__xludf.DUMMYFUNCTION("""COMPUTED_VALUE"""),"SMU KIS-FF D04 D05 SBU_RAP_ASAHAN KIS012") -> SMU KIS-FF D04 D05 SBU_RAP_ASAHAN KIS012 | D9: =IFERROR(__xludf.DUMMYFUNCTION("""COMPUTED_VALUE"""),"REGIONAL I") -> REGIONAL I | E9: =IFERROR(__xludf.DUMMYFUNCTION("""COMPUTED_VALUE"""),"SUMUT") -> SUMUT | F9: =IFERROR(__xludf.DUMMYFUNCTION("""COMPUTED_VALUE"""),"KIS") -> KIS | G9: =IFERROR(__xludf.DUMMYFUNCTION("""COMPUTED_VALUE"""),"SUMBAGUT") -> SUMBAGUT | H9: =IFERROR(__xludf.DUMMYFUNCTION("""COMPUTED_VALUE"""),"RANTAU PRAPAT") -> RANTAU PRAPAT | I9: =IFERROR(__xludf.DUMMYFUNCTION("""COMPUTED_VALUE"""),"Batch 1") -> Batch 1 | J9: =IFERROR(__xludf.DUMMYFUNCTION("""COMPUTED_VALUE"""),17.0) -> 17 | K9: =IFERROR(__xludf.DUMMYFUNCTION("""COMPUTED_VALUE"""),136.0) -> 136 | L9: =IFERROR(__xludf.DUMMYFUNCTION("""COMPUTED_VALUE"""),1141303.0) -> 1141303 | M9: =IFERROR(__xludf.DUMMYFUNCTION("""COMPUTED_VALUE"""),1.55217073E8) -> 155217073 | N9: =IFERROR(__xludf.DUMMYFUNCTION("""COMPUTED_VALUE"""),"PT GARINDO TECHNO MANDIRI") -> PT GARINDO TECHNO MANDIRI | O9: =IFERROR(__xludf.DUMMYFUNCTION("""COMPUTED_VALUE"""),"5. INSTALASI") -> 5. INSTALASI | P9: =IFERROR(__xludf.DUMMYFUNCTION("""COMPUTED_VALUE"""),"5.6 Proses Penarikan Kabel") -> 5.6 Proses Penarikan Kabel | Q9: =IFERROR(__xludf.DUMMYFUNCTION("""COMPUTED_VALUE"""),"27/4 proses penarikan kabel, 23/4 plan progres hari ini, 22/4 tim partial di lop kis fbc, 21/4 prepair tim pengambilan material, 20/4 prepair tim pengambilan material, 16/4 plan hari ini pengambilan material dari tebing, 15/4 prepair tim untuk pengambilan"&" material (pengalihan dari mitra mai), 14/4 prepair tim untuk pengambilan material (pengalihan dari mitra mai), 13/4 mitra MAI menolak untuk lanjut progres, 9/4 mitra MAI menolak untuk lanjut progres, 8/4 mitra MAI menolak untuk lanjut progres, 6/4 plan e"&"st progres delivery besok apabila belum kunjung dikerjakan maka lop kita alihkan kemitra lain, 5/4 tim belum turun untuk mengambil material, 1/4 tim belum turun untuk mengambil material, 31/3 tim belum turun untuk mengambil material, 30/3 plan pengambila"&"n material rabu 1 april, 27/3 hari ini proses pengambilan material kegudang, plan instalasi besok, 26/3 prepair team untuk pengambilan matrial dari wh ke site, 22/3 prepair team untuk pengambilan matrial dari wh ke site, 18/3 plan pengambilan matrial sete"&"lah lebaran, 16/3 plan pengambilan matrial setelah lebaran, 13/3 prepair tim untuk pengambilan material, 11/3 plan ambil matrial besok, 10/3 prepair tim untuk pengambilan material plan bsk tgl 11 maret, 6/3 prepair tim untuk pengambilan material, 5/3 prep"&"air tim untuk pengambilan material, 4/3 prepair tim untuk pengambilan material, 3/3 proses request material, 2/3 menunggu info dari pihak desa terkait izin tanam tiang dan peralihan rute, 27/2 menunggu info dari pihak desa terkait izin tanam tiang dan p"&"eralihan rute. 25/2 prepair team untuk delivery matrial dari gudang ke wh, 20/2 plan deliv matrial 23 feb ,19/2 prepair tim untuk pengambilan material, 18/2 prepair tim untuk pengambilan material,16/2 prepair tim untuk pengambilan material, 13/2 prepair "&"tim untuk pengambilan material, 11/2 peoses req material, 10/2 proses req material, 9/2 proses req material, 6/2 proses req material, 5/2 proses req matrial,4/2 proses req matrial, 3/2 proses cek cpp, 2/2 plan besok cek cpp hasil survey, 1/2 menunggu boq "&"kml hasil survey ( blm ada report survey dan hasil otdr), 30/1 menunggu boq kml hasil survey ( blm ada report survey dan hasil otdr), 28/1 menunggu boq kml hasil survey ( blm ada report survey dan hasil otdr), 27/1 menunggu boq kml hasil survey ( blm ada "&"report survey dan hasil otdr), 26/1 menunggu boq kml hasil survey ( blm ada report survey dan hasil otdr), 23/1 menunggu boq kml hasil survey, 22/1 menunggu boq kml survey, 21/1 menunggu boq kml survey, 20/1 plan survey 21/1, 19/1 plan survey 21/1, 15/1 "&"plan survey 21/1, 14/1 prepair tim untuk penjadwalan survey, 13/1 menunggu info kelanjutan dari mitra est besok 14/1, (07/01) Persiapan") -> 27/4 proses penarikan kabel, 23/4 plan progres hari ini, 22/4 tim partial di lop kis fbc, 21/4 prepair tim pengambilan material, 20/4 prepair tim pengambilan material, 16/4 plan hari ini pengambilan material dari tebing, 15/4 prepair tim untuk pengambilan material (pengalihan dari mitra mai), 14/4 prepair tim untuk pengambilan material (pengalihan dari mitra mai), 13/4 mitra MAI menolak untuk lanjut progres, 9/4 mitra MAI menolak untuk lanjut progres, 8/4 mitra MAI menolak untuk lanjut progres, 6/4 plan est progres delivery besok apabila belum kunjung dikerjakan maka lop kita alihkan kemitra lain, 5/4 tim belum turun untuk mengambil material, 1/4 tim belum turun untuk mengambil material, 31/3 tim belum turun untuk mengambil material, 30/3 plan pengambilan material rabu 1 april, 27/3 hari ini proses pengambilan material kegudang, plan instalasi besok, 26/3 prepair team untuk pengambilan matrial dari wh ke site, 22/3 prepair team untuk pengambilan matrial dari wh ke site, 18/3 plan pengambilan matrial setelah lebaran, 16/3 plan pengambilan matrial setelah lebaran, 13/3 prepair tim untuk pengambilan material, 11/3 plan ambil matrial besok, 10/3 prepair tim untuk pengambilan material plan bsk tgl 11 maret, 6/3 prepair tim untuk pengambilan material, 5/3 prepair tim untuk pengambilan material, 4/3 prepair tim untuk pengambilan material, 3/3 proses request material, 2/3 menunggu info dari pihak desa terkait izin tanam tiang dan peralihan rute, 27/2 menunggu info dari pihak desa terkait izin tanam tiang dan peralihan rute. 25/2 prepair team untuk delivery matrial dari gudang ke wh, 20/2 plan deliv matrial 23 feb ,19/2 prepair tim untuk pengambilan material, 18/2 prepair tim untuk pengambilan material,16/2 prepair tim untuk pengambilan material, 13/2 prepair tim untuk pengambilan material, 11/2 peoses req material, 10/2 proses req material, 9/2 proses req material, 6/2 proses req material, 5/2 proses req matrial,4/2 proses req matrial, 3/2 proses cek cpp, 2/2 plan besok cek cpp hasil survey, 1/2 menunggu boq kml hasil survey ( blm ada report survey dan hasil otdr), 30/1 menunggu boq kml hasil survey ( blm ada report survey dan hasil otdr), 28/1 menunggu boq kml hasil survey ( blm ada report survey dan hasil otdr), 27/1 menunggu boq kml hasil survey ( blm ada report survey dan hasil otdr), 26/1 menunggu boq kml hasil survey ( blm ada report survey dan hasil otdr), 23/1 menunggu boq kml hasil survey, 22/1 menunggu boq kml survey, 21/1 menunggu boq kml survey, 20/1 plan survey 21/1, 19/1 plan survey 21/1, 15/1 plan survey 21/1, 14/1 prepair tim untuk penjadwalan survey, 13/1 menunggu info kelanjutan dari mitra est besok 14/1, (07/01) Persiapan | R9: =IFERROR(__xludf.DUMMYFUNCTION("""COMPUTED_VALUE"""),46140.0) -> 46140 | U9: =IFERROR(__xludf.DUMMYFUNCTION("""COMPUTED_VALUE"""),"TIF-2851/2026") -> TIF-2851/2026 | W9: =IFERROR(__xludf.DUMMYFUNCTION("""COMPUTED_VALUE"""),"#REF!") -> #REF! | X9: =IFERROR(__xludf.DUMMYFUNCTION("""COMPUTED_VALUE"""),"BELUM GOLIVE") -> BELUM GOLIVE | Z9: =IFERROR(__xludf.DUMMYFUNCTION("""COMPUTED_VALUE"""),"#N/A") -> #N/A | AH9: 46140 | AI9: =IF(OR(R9="",AE9=""),"",R9-AE9) | AJ9: =if(AI9>=0,"not yet","lewat komitmen") -> not yet | AR9: 3 | AS9: 2026 | AT9: 11288505 | AU9: RDR JPP PT4 JL HARAPAN JAYA BAGAN BATU | AV9: REGIONAL I | AW9: =xlookup(AX9,BANTU!B:B,BANTU!A:A) -> DUMAI | AX9: BGU | AY9: SUMBAGTENG | AZ9: DUMAI | BA9: Batch 3 | BB9: 18 | BC9: 144 | BD9: PT DWI MITRA JAYA UTAMA | BE9: 6. FINISH INSTALASI | BF9: 6.3 Kendala OLT / Mini OLT / OTN | BG9: 12/02 Menunggu Mini OLT UJT666 29/01 Terminasi ODP | BH9: MARET | BI9: 46087 | BL9: 144
A10: =IFERROR(__xludf.DUMMYFUNCTION("""COMPUTED_VALUE"""),2026.0) -> 2026 | B10: =IFERROR(__xludf.DUMMYFUNCTION("""COMPUTED_VALUE"""),1.1093003E7) -> 11093003 | C10: =IFERROR(__xludf.DUMMYFUNCTION("""COMPUTED_VALUE"""),"SMU TJB-FAP D02-D04 CLUST ASAHAN TJB006") -> SMU TJB-FAP D02-D04 CLUST ASAHAN TJB006 | D10: =IFERROR(__xludf.DUMMYFUNCTION("""COMPUTED_VALUE"""),"REGIONAL I") -> REGIONAL I | E10: =IFERROR(__xludf.DUMMYFUNCTION("""COMPUTED_VALUE"""),"SUMUT") -> SUMUT | F10: =IFERROR(__xludf.DUMMYFUNCTION("""COMPUTED_VALUE"""),"TJB") -> TJB | G10: =IFERROR(__xludf.DUMMYFUNCTION("""COMPUTED_VALUE"""),"SUMBAGUT") -> SUMBAGUT | H10: =IFERROR(__xludf.DUMMYFUNCTION("""COMPUTED_VALUE"""),"RANTAU PRAPAT") -> RANTAU PRAPAT | I10: =IFERROR(__xludf.DUMMYFUNCTION("""COMPUTED_VALUE"""),"Batch 1") -> Batch 1 | J10: =IFERROR(__xludf.DUMMYFUNCTION("""COMPUTED_VALUE"""),9.0) -> 9 | K10: =IFERROR(__xludf.DUMMYFUNCTION("""COMPUTED_VALUE"""),72.0) -> 72 | L10: =IFERROR(__xludf.DUMMYFUNCTION("""COMPUTED_VALUE"""),1300795.0) -> 1300795 | M10: =IFERROR(__xludf.DUMMYFUNCTION("""COMPUTED_VALUE"""),9.3657216E7) -> 93657216 | N10: =IFERROR(__xludf.DUMMYFUNCTION("""COMPUTED_VALUE"""),"PT ARTHA MANDIRI BERSAMA") -> PT ARTHA MANDIRI BERSAMA | O10: =IFERROR(__xludf.DUMMYFUNCTION("""COMPUTED_VALUE"""),"7. GOLIVE") -> 7. GOLIVE | P10: =IFERROR(__xludf.DUMMYFUNCTION("""COMPUTED_VALUE"""),"7.2 Golive Full / OA / DONE OTB") -> 7.2 Golive Full / OA / DONE OTB | Q10: =IFERROR(__xludf.DUMMYFUNCTION("""COMPUTED_VALUE"""),"27/4 proses validasi sdi, 23/4 sisa inrtal dan terminasi 9 odp, penarikan ku 12 (2635 selesai) tanam tiang 20 selesai, , 22/4 penarikan ku 12 (2635 selesai) tanam tiang 20 selesai, odp 9 sisa 6, 21/4 penarikan ku 12 (2635 sisa 1335) tanam tiang 20 sisa 5"&", odp 9 blm ada progres, 20/04 progres penanaman tiang 16/5 plan ambil material sabtu tgl 18 april, 15/4 prepair tim untuk pengambilan material, pararel perizinan ke perumahan, 14/4 proses input material di alista, pararel perizinan ke perumahan, 13/4 pro"&"ses input di alista, pararel perizinan ke perumahan, 9/4 cpp tinggi 1,4, 8/4 menunggu submit boq kml hasil survey, pararel perizinan ke perumahan Duta Mas Indah, 6/4 plan survey hari 6 april (hasil survey mitra sebelumnya biaya prelim 11 jt), 5/4 plan s"&"urvey senin 6 april (hasil survey mitra sebelumnya biaya prelim 11 jt), 1/4 plan survey kamis 2 april (hasil survey mitra sebelumnya biaya prelim 11 jt), 31/3 plan survey rabu 1 april (hasil survey mitra sebelumnya biaya prelim 11 jt ), 27/3 plan survey s"&"enin 30 maret (hasil survey mitra sebelumnya biaya prelim 11 jt ), 26/3 menunggu boq kml terbaru dari sdi, 22/3 menunggu boq kml terbaru dari sdi, 18/3 plan survey setelah lebaran , 16/3 plan survey setelah lebaran , 26/2 drop dikarenakan prelim ke desa 1"&"1 jt, drop permintaan tsel ( cpp 11 jt), (07/01) Persiapan") -> 27/4 proses validasi sdi, 23/4 sisa inrtal dan terminasi 9 odp, penarikan ku 12 (2635 selesai) tanam tiang 20 selesai, , 22/4 penarikan ku 12 (2635 selesai) tanam tiang 20 selesai, odp 9 sisa 6, 21/4 penarikan ku 12 (2635 sisa 1335) tanam tiang 20 sisa 5, odp 9 blm ada progres, 20/04 progres penanaman tiang 16/5 plan ambil material sabtu tgl 18 april, 15/4 prepair tim untuk pengambilan material, pararel perizinan ke perumahan, 14/4 proses input material di alista, pararel perizinan ke perumahan, 13/4 proses input di alista, pararel perizinan ke perumahan, 9/4 cpp tinggi 1,4, 8/4 menunggu submit boq kml hasil survey, pararel perizinan ke perumahan Duta Mas Indah, 6/4 plan survey hari 6 april (hasil survey mitra sebelumnya biaya prelim 11 jt), 5/4 plan survey senin 6 april (hasil survey mitra sebelumnya biaya prelim 11 jt), 1/4 plan survey kamis 2 april (hasil survey mitra sebelumnya biaya prelim 11 jt), 31/3 plan survey rabu 1 april (hasil survey mitra sebelumnya biaya prelim 11 jt ), 27/3 plan survey senin 30 maret (hasil survey mitra sebelumnya biaya prelim 11 jt ), 26/3 menunggu boq kml terbaru dari sdi, 22/3 menunggu boq kml terbaru dari sdi, 18/3 plan survey setelah lebaran , 16/3 plan survey setelah lebaran , 26/2 drop dikarenakan prelim ke desa 11 jt, drop permintaan tsel ( cpp 11 jt), (07/01) Persiapan | R10: =IFERROR(__xludf.DUMMYFUNCTION("""COMPUTED_VALUE"""),46139.0) -> 46139 | S10: =IFERROR(__xludf.DUMMYFUNCTION("""COMPUTED_VALUE"""),"APR") -> APR | U10: =IFERROR(__xludf.DUMMYFUNCTION("""COMPUTED_VALUE"""),"W03-2261/2024") -> W03-2261/2024 | V10: =IFERROR(__xludf.DUMMYFUNCTION("""COMPUTED_VALUE"""),"29/Apr/2026") -> 29/Apr/2026 | X10: =IFERROR(__xludf.DUMMYFUNCTION("""COMPUTED_VALUE"""),"GOLIVE") -> GOLIVE | Y10: =IFERROR(__xludf.DUMMYFUNCTION("""COMPUTED_VALUE"""),"DONE") -> DONE | Z10: =IFERROR(__xludf.DUMMYFUNCTION("""COMPUTED_VALUE"""),"#N/A") -> #N/A | AA10: =IFERROR(__xludf.DUMMYFUNCTION("""COMPUTED_VALUE"""),9.0) -> 9 | AC10: =IFERROR(__xludf.DUMMYFUNCTION("""COMPUTED_VALUE"""),"9313750#9313755") -> 9313750#9313755 | AD10: =IFERROR(__xludf.DUMMYFUNCTION("""COMPUTED_VALUE"""),72.0) -> 72 | AE10: =IFERROR(__xludf.DUMMYFUNCTION("""COMPUTED_VALUE"""),46139.0) -> 46139 | AF10: =IFERROR(__xludf.DUMMYFUNCTION("""COMPUTED_VALUE"""),"Draft BA DROP") -> Draft BA DROP | AI10: =IF(OR(R10="",AE10=""),"",R10-AE10) -> 0 | AJ10: =if(AI10>=0,"not yet","lewat komitmen") -> not yet | AR10: 4 | AS10: 2026 | AT10: 12494439 | AU10: RDR JPP PT3 250_184_2904 | AV10: REGIONAL I | AW10: =xlookup(AX10,BANTU!B:B,BANTU!A:A) -> PEKANBARU | AX10: BKR | AY10: SUMBAGTENG | AZ10: PEKANBARU | BA10: Batch 3 | BB10: 12 | BC10: 96 | BD10: PT TIGA AKSES MANDIRI | BE10: 5. INSTALASI | BF10: 5.6 Proses Penarikan Kabel | BG10: 04/03 Pekerjaan sudah lanjut penarikan kabel 20/02 Pekerjaan di stop oleh warga setempat 10/02 Pengitiman material ke Lokasi 29/01 Antrian review hasil anwidzing | BH10: MARET | BI10: 46088 | BK10: GOLIVE | BL10: 136 | BS10: BUKIT TINGGI | BT10: 855 | BU10: =SUMIFS( 'PT2 UNTSEL 2026'!$AS:$AS, 'PT2 UNTSEL 2026'!$AF:$AF,"Bukit tinggi", 'PT2 UNTSEL 2026'!$AZ:$AZ,"GO LIVE", 'PT2 UNTSEL 2026'!$T:$T,">="&DATE(2026,3,1), 'PT2 UNTSEL 2026'!$T:$T,"<"&DATE(2026,4,1) ) -> 72 | BV10: =BU10/BT10 -> 0.084210526 | BW10: 5298 | BX10: ='REPORT GOLIVE JPP - OLO'!U9 -> 272 | BY10: =BX10/BW10 -> 0.051340128 | BZ10: =BT10+BW10 -> 6153 | CA10: =BU10+BX10 -> 344 | CB10: =CA10/BZ10 -> 0.055907687 | CD10: BUKIT TINGGI | CE10: 4073 | CF10: =SUMIFS( 'PT2 UNTSEL 2026'!$AS:$AS, 'PT2 UNTSEL 2026'!$AF:$AF,"Bukit tinggi", 'PT2 UNTSEL 2026'!$AZ:$AZ,"GO LIVE") -> 248 | CG10: =CF10/CE10 -> 0.06088878 | CH10: 16636 | CI10: =SUMIFS(K6:K3194,H6:H3194,"bukit tinggi",R6:R3194,"golive") -> 0 | CJ10: =CI10/CH10 -> 0 | CK10: =CE10+CH10 -> 20709 | CL10: =CF10+CI10 -> 248 | CM10: =CL10/CK10 -> 0.01197547
A11: =IFERROR(__xludf.DUMMYFUNCTION("""COMPUTED_VALUE"""),2026.0) -> 2026 | B11: =IFERROR(__xludf.DUMMYFUNCTION("""COMPUTED_VALUE"""),1.1098751E7) -> 11098751 | C11: =IFERROR(__xludf.DUMMYFUNCTION("""COMPUTED_VALUE"""),"SMU P7I1 ODC-GNT-FAK CLUST ULU GAJAH.") -> SMU P7I1 ODC-GNT-FAK CLUST ULU GAJAH. | D11: =IFERROR(__xludf.DUMMYFUNCTION("""COMPUTED_VALUE"""),"REGIONAL I") -> REGIONAL I | E11: =IFERROR(__xludf.DUMMYFUNCTION("""COMPUTED_VALUE"""),"SUMUT") -> SUMUT | F11: =IFERROR(__xludf.DUMMYFUNCTION("""COMPUTED_VALUE"""),"GNT") -> GNT | G11: =IFERROR(__xludf.DUMMYFUNCTION("""COMPUTED_VALUE"""),"SUMBAGUT") -> SUMBAGUT | H11: =IFERROR(__xludf.DUMMYFUNCTION("""COMPUTED_VALUE"""),"RANTAU PRAPAT") -> RANTAU PRAPAT | I11: =IFERROR(__xludf.DUMMYFUNCTION("""COMPUTED_VALUE"""),"Batch 1") -> Batch 1 | J11: =IFERROR(__xludf.DUMMYFUNCTION("""COMPUTED_VALUE"""),30.0) -> 30 | K11: =IFERROR(__xludf.DUMMYFUNCTION("""COMPUTED_VALUE"""),240.0) -> 240 | L11: =IFERROR(__xludf.DUMMYFUNCTION("""COMPUTED_VALUE"""),1466140.0) -> 1466140 | M11: =IFERROR(__xludf.DUMMYFUNCTION("""COMPUTED_VALUE"""),3.51873529E8) -> 351873529 | N11: =IFERROR(__xludf.DUMMYFUNCTION("""COMPUTED_VALUE"""),"PT SANGKURIANG CIPTA JAYA TEKNINDO") -> PT SANGKURIANG CIPTA JAYA TEKNINDO | O11: =IFERROR(__xludf.DUMMYFUNCTION("""COMPUTED_VALUE"""),"0. DROP") -> 0. DROP | P11: =IFERROR(__xludf.DUMMYFUNCTION("""COMPUTED_VALUE"""),"0.2 Tidak Dapat Izin Warga/Kades/Lurah/Developer") -> 0.2 Tidak Dapat Izin Warga/Kades/Lurah/Developer | Q11: =IFERROR(__xludf.DUMMYFUNCTION("""COMPUTED_VALUE"""),"drop karena tidak ada nim order, drop kendala project fo PSP584 drop,, (07/01) Persiapan") -> drop karena tidak ada nim order, drop kendala project fo PSP584 drop,, (07/01) Persiapan | U11: =IFERROR(__xludf.DUMMYFUNCTION("""COMPUTED_VALUE"""),"W03-2366/2024") -> W03-2366/2024 | X11: =IFERROR(__xludf.DUMMYFUNCTION("""COMPUTED_VALUE"""),"BELUM GOLIVE") -> BELUM GOLIVE | Z11: =IFERROR(__xludf.DUMMYFUNCTION("""COMPUTED_VALUE"""),"#N/A") -> #N/A | AF11: =IFERROR(__xludf.DUMMYFUNCTION("""COMPUTED_VALUE"""),"Draft BA DROP") -> Draft BA DROP | AI11: =IF(OR(R11="",AE11=""),"",R11-AE11) | AJ11: =if(AI11>=0,"not yet","lewat komitmen") -> not yet | AR11: 5 | AS11: 2026 | AT11: 12687799 | AU11: RDR JPP PT3 250_200_2865 | AV11: REGIONAL I | AW11: =xlookup(AX11,BANTU!B:B,BANTU!A:A) -> PEKANBARU | AX11: ARK | AY11: SUMBAGTENG | AZ11: PEKANBARU | BA11: Batch 3 | BB11: 5 | BC11: 40 | BD11: PT UPAYA TEKNIK | BE11: 5. INSTALASI | BF11: 5.4 Proses Penanaman Tiang | BH11: MARET | BI11: 46088 | BK11: GOLIVE
A12: =IFERROR(__xludf.DUMMYFUNCTION("""COMPUTED_VALUE"""),2026.0) -> 2026 | B12: =IFERROR(__xludf.DUMMYFUNCTION("""COMPUTED_VALUE"""),1.1113042E7) -> 11113042 | C12: =IFERROR(__xludf.DUMMYFUNCTION("""COMPUTED_VALUE"""),"SMU-ODC-KBJ-FAE SUMUT_233") -> SMU-ODC-KBJ-FAE SUMUT_233 | D12: =IFERROR(__xludf.DUMMYFUNCTION("""COMPUTED_VALUE"""),"REGIONAL I") -> REGIONAL I | E12: =IFERROR(__xludf.DUMMYFUNCTION("""COMPUTED_VALUE"""),"SUMUT") -> SUMUT | F12: =IFERROR(__xludf.DUMMYFUNCTION("""COMPUTED_VALUE"""),"KBJ") -> KBJ | G12: =IFERROR(__xludf.DUMMYFUNCTION("""COMPUTED_VALUE"""),"SUMBAGUT") -> SUMBAGUT | H12: =IFERROR(__xludf.DUMMYFUNCTION("""COMPUTED_VALUE"""),"PEMATANG SIANTAR") -> PEMATANG SIANTAR | I12: =IFERROR(__xludf.DUMMYFUNCTION("""COMPUTED_VALUE"""),"Batch 1") -> Batch 1 | J12: =IFERROR(__xludf.DUMMYFUNCTION("""COMPUTED_VALUE"""),7.0) -> 7 | K12: =IFERROR(__xludf.DUMMYFUNCTION("""COMPUTED_VALUE"""),56.0) -> 56 | L12: =IFERROR(__xludf.DUMMYFUNCTION("""COMPUTED_VALUE"""),686751.0) -> 686751 | M12: =IFERROR(__xludf.DUMMYFUNCTION("""COMPUTED_VALUE"""),3.8458009E7) -> 38458009 | N12: =IFERROR(__xludf.DUMMYFUNCTION("""COMPUTED_VALUE"""),"PT GARINDO TECHNO MANDIRI") -> PT GARINDO TECHNO MANDIRI | O12: =IFERROR(__xludf.DUMMYFUNCTION("""COMPUTED_VALUE"""),"5. INSTALASI") -> 5. INSTALASI | P12: =IFERROR(__xludf.DUMMYFUNCTION("""COMPUTED_VALUE"""),"5.4 Proses Penanaman Tiang") -> 5.4 Proses Penanaman Tiang | Q12: =IFERROR(__xludf.DUMMYFUNCTION("""COMPUTED_VALUE"""),"27/4 proses tanam tiang 17 batang, ku 12 (750 belum progres, odp 7 belum progres, 24/4 (kenaikan nilai diatas 10 % dikarnakan ada nya perubahan titik plan brenching yg tidak sesuai dengan lapangan ) tim partial di lop kis ff, plan progres 25 april, 23/4 "&"(kenaikan nilai diatas 10 % dikarnakan ada nya perubahan titik plan brenching yg tidak sesuai dengan lapangan ) tim partial di lop kis ff, plan progres 25 april, 22/4 tim partial di lop kis ff, 21/4 tim partial di lop sdk fac, 20/4 prepair tim untuk ambi"&"l material tim partial di lop bst-fb, 16/4 plan pengambilan material jumat tgl 16 april, 15/4 plan pengambilan material jumat tgl 16 april, 14/4 plan pengambilan material jumat tgl 16 april, 13/4 proses input material di alista, , 9/4 menunggu boq kml sur"&"vey dari mitra, 8/4 menunggu boq kml survey dari mitra, 6/4 plan submit boq kml survey hari ini, 5/4 menunggu boq kml survey (port mini olt full), 1/4 menunggu boq kml survey ( port mini olt full), 31/3 menunggu boq kml survey ( port mini olt full), 30/3 "&"menunggu boq kml survey ( port mini olt full), 27/3 menunggu boq kml survey ( port mini olt full), 26/3 menunggu boq kml survey ( port mini olt full), 22/3 menunggu boq kml survey ( port mini olt full), 18/3 plan survey seletal lebaran, 16/3 plan besok s"&"urvey 17 maret, 13/3 prepair tim untuk melakukan survey, 11/3 prepair tim untuk melakukan survey, 10/3 plan survey bsk tgl 11 maret, 6/3 plan bsk tgl 9 februari untuk melakukan survey, 5/3 plan bsk tgl 6 februari untuk melakukan survey, 4/3 plan bsk 5 f"&"ebruari untuk melakukan survey, 3/3 prepair team untuk jadwal survey, 2/3 prepair team untuk jadwal survey , 27/2 prepair tim untuk survey plan tgl 28/2 , 25/2 prepair tim untuk survey plan tgl 28/2 , 24/2 prepair team untuk suvrey kelokasi, 23/2 prepa"&"ir team untuk suvrey kelokasi, 20/2 prepair team untuk suvrey kelokasi, 19/2 Mandor swakelola, 16/2 Mandor swakelola, 13/2 Mandor swakelola, 12/2 Mandor swakelola, 11/2 Mandor swakelola, 10/2 Mandor swakelola, 9/2 Mandor swakelola, 6/2 Mandor swakelola,"&" 5/2 Mandor swakelola, 4/2 Mandor swakelola, 3/2 Mandor swakelola, 2/2 Mandor swakelola, 1/2 Mandor swakelola, 30/1 Mandor swakelola , 28/1 Mandor swakelola, 27/1 Mandor swakelola, 26/1 prepair team untuk surveysurvey kelokasi, 23/1 ogp survey,22/1 plan "&"survey 23/1, 21/1 plan survey 23/1, 20/1 plan survey 23/1, 19/1 plan survey hari ini 19/1, 15/1 plan survey 19/1, 14/1 plan survey 23/1, 13/1 prepair team untuk penjadwalan survey, (07/01) Persiapan") -> 27/4 proses tanam tiang 17 batang, ku 12 (750 belum progres, odp 7 belum progres, 24/4 (kenaikan nilai diatas 10 % dikarnakan ada nya perubahan titik plan brenching yg tidak sesuai dengan lapangan ) tim partial di lop kis ff, plan progres 25 april, 23/4 (kenaikan nilai diatas 10 % dikarnakan ada nya perubahan titik plan brenching yg tidak sesuai dengan lapangan ) tim partial di lop kis ff, plan progres 25 april, 22/4 tim partial di lop kis ff, 21/4 tim partial di lop sdk fac, 20/4 prepair tim untuk ambil material tim partial di lop bst-fb, 16/4 plan pengambilan material jumat tgl 16 april, 15/4 plan pengambilan material jumat tgl 16 april, 14/4 plan pengambilan material jumat tgl 16 april, 13/4 proses input material di alista, , 9/4 menunggu boq kml survey dari mitra, 8/4 menunggu boq kml survey dari mitra, 6/4 plan submit boq kml survey hari ini, 5/4 menunggu boq kml survey (port mini olt full), 1/4 menunggu boq kml survey ( port mini olt full), 31/3 menunggu boq kml survey ( port mini olt full), 30/3 menunggu boq kml survey ( port mini olt full), 27/3 menunggu boq kml survey ( port mini olt full), 26/3 menunggu boq kml survey ( port mini olt full), 22/3 menunggu boq kml survey ( port mini olt full), 18/3 plan survey seletal lebaran, 16/3 plan besok survey 17 maret, 13/3 prepair tim untuk melakukan survey, 11/3 prepair tim untuk melakukan survey, 10/3 plan survey bsk tgl 11 maret, 6/3 plan bsk tgl 9 februari untuk melakukan survey, 5/3 plan bsk tgl 6 februari untuk melakukan survey, 4/3 plan bsk 5 februari untuk melakukan survey, 3/3 prepair team untuk jadwal survey, 2/3 prepair team untuk jadwal survey , 27/2 prepair tim untuk survey plan tgl 28/2 , 25/2 prepair tim untuk survey plan tgl 28/2 , 24/2 prepair team untuk suvrey kelokasi, 23/2 prepair team untuk suvrey kelokasi, 20/2 prepair team untuk suvrey kelokasi, 19/2 Mandor swakelola, 16/2 Mandor swakelola, 13/2 Mandor swakelola, 12/2 Mandor swakelola, 11/2 Mandor swakelola, 10/2 Mandor swakelola, 9/2 Mandor swakelola, 6/2 Mandor swakelola, 5/2 Mandor swakelola, 4/2 Mandor swakelola, 3/2 Mandor swakelola, 2/2 Mandor swakelola, 1/2 Mandor swakelola, 30/1 Mandor swakelola , 28/1 Mandor swakelola, 27/1 Mandor swakelola, 26/1 prepair team untuk surveysurvey kelokasi, 23/1 ogp survey,22/1 plan survey 23/1, 21/1 plan survey 23/1, 20/1 plan survey 23/1, 19/1 plan survey hari ini 19/1, 15/1 plan survey 19/1, 14/1 plan survey 23/1, 13/1 prepair team untuk penjadwalan survey, (07/01) Persiapan | R12: =IFERROR(__xludf.DUMMYFUNCTION("""COMPUTED_VALUE"""),46142.0) -> 46142 | T12: =IFERROR(__xludf.DUMMYFUNCTION("""COMPUTED_VALUE"""),"P1") -> P1 | U12: =IFERROR(__xludf.DUMMYFUNCTION("""COMPUTED_VALUE"""),"TIF-1406/2026") -> TIF-1406/2026 | V12: =IFERROR(__xludf.DUMMYFUNCTION("""COMPUTED_VALUE"""),"28/Apr/2026") -> 28/Apr/2026 | X12: =IFERROR(__xludf.DUMMYFUNCTION("""COMPUTED_VALUE"""),"BELUM GOLIVE") -> BELUM GOLIVE | Y12: =IFERROR(__xludf.DUMMYFUNCTION("""COMPUTED_VALUE"""),"Mini OLT Not Ready") -> Mini OLT Not Ready | Z12: =IFERROR(__xludf.DUMMYFUNCTION("""COMPUTED_VALUE"""),"#N/A") -> #N/A | AI12: =IF(OR(R12="",AE12=""),"",R12-AE12) | AJ12: =if(AI12>=0,"not yet","lewat komitmen") -> not yet | AR12: 6 | AS12: 2026 | AT12: 12742254 | AU12: SMB-PT3-ODC-SIG-FA-150527-63694-36373 | AV12: REGIONAL I | AW12: =xlookup(AX12,BANTU!B:B,BANTU!A:A) -> BUKIT TINGGI | AX12: SIG | AY12: SUMBAGTENG | AZ12: BUKIT TINGGI | BA12: Batch 3 | BB12: 6 | BC12: 48 | BD12: PT TSUIKA BERKAH RAYA | BE12: 6. FINISH INSTALASI | BF12: 6.8 Sudah Submit ABD ke SDI | BG12: (05/03) ABD done submit ke sdi (02/03) ABD OGP submit ke sdi (18/02) Tanam tiang plan FI 21/02 (03/02) Proses create PID (29/01) Done aanwijziing , proses eval | BH12: MARET | BI12: 46089 | BK12: GOLIVE | BL12: 96 | BS12: DUMAI | BT12: 855 | BU12: =SUMIFS( 'PT2 UNTSEL 2026'!$AS:$AS, 'PT2 UNTSEL 2026'!$AF:$AF,"dumai", 'PT2 UNTSEL 2026'!$AZ:$AZ,"GO LIVE", 'PT2 UNTSEL 2026'!$T:$T,">="&DATE(2026,3,1), 'PT2 UNTSEL 2026'!$T:$T,"<"&DATE(2026,4,1) ) -> 56 | BV12: =BU12/BT12 -> 0.065497076 | BW12: 9777 | BX12: ='REPORT GOLIVE JPP - OLO'!U11 -> 688 | BY12: =BX12/BW12 -> 0.070369234 | BZ12: =BT12+BW12 -> 10632 | CA12: =BU12+BX12 -> 744 | CB12: =CA12/BZ12 -> 0.069977427 | CD12: DUMAI | CE12: 4073 | CF12: =SUMIFS( 'PT2 UNTSEL 2026'!$AS:$AS, 'PT2 UNTSEL 2026'!$AF:$AF,"dumai", 'PT2 UNTSEL 2026'!$AZ:$AZ,"GO LIVE") -> 736 | CG12: =CF12/CE12 -> 0.18070219 | CH12: 30701 | CI12: =SUMIFS(K8:K3194,H8:H3194,"dumai",R8:R3194,"golive") -> 0 | CJ12: =CI12/CH12 -> 0 | CK12: =CE12+CH12 -> 34774 | CL12: =CF12+CI12 -> 736 | CM12: =CL12/CK12 -> 0.021165238
A13: =IFERROR(__xludf.DUMMYFUNCTION("""COMPUTED_VALUE"""),2026.0) -> 2026 | B13: =IFERROR(__xludf.DUMMYFUNCTION("""COMPUTED_VALUE"""),1.1149875E7) -> 11149875 | C13: =IFERROR(__xludf.DUMMYFUNCTION("""COMPUTED_VALUE"""),"SMU KPI-FAL CLUST PERUM GRIYA FATIH") -> SMU KPI-FAL CLUST PERUM GRIYA FATIH | D13: =IFERROR(__xludf.DUMMYFUNCTION("""COMPUTED_VALUE"""),"REGIONAL I") -> REGIONAL I | E13: =IFERROR(__xludf.DUMMYFUNCTION("""COMPUTED_VALUE"""),"SUMUT") -> SUMUT | F13: =IFERROR(__xludf.DUMMYFUNCTION("""COMPUTED_VALUE"""),"KPI") -> KPI | G13: =IFERROR(__xludf.DUMMYFUNCTION("""COMPUTED_VALUE"""),"SUMBAGUT") -> SUMBAGUT | H13: =IFERROR(__xludf.DUMMYFUNCTION("""COMPUTED_VALUE"""),"RANTAU PRAPAT") -> RANTAU PRAPAT | I13: =IFERROR(__xludf.DUMMYFUNCTION("""COMPUTED_VALUE"""),"Batch 1") -> Batch 1 | J13: =IFERROR(__xludf.DUMMYFUNCTION("""COMPUTED_VALUE"""),7.0) -> 7 | K13: =IFERROR(__xludf.DUMMYFUNCTION("""COMPUTED_VALUE"""),56.0) -> 56 | L13: =IFERROR(__xludf.DUMMYFUNCTION("""COMPUTED_VALUE"""),600453.0) -> 600453 | M13: =IFERROR(__xludf.DUMMYFUNCTION("""COMPUTED_VALUE"""),3.3625353E7) -> 33625353 | N13: =IFERROR(__xludf.DUMMYFUNCTION("""COMPUTED_VALUE"""),"PT PRIMA INDO SENTOSA") -> PT PRIMA INDO SENTOSA | O13: =IFERROR(__xludf.DUMMYFUNCTION("""COMPUTED_VALUE"""),"0. DROP") -> 0. DROP | P13: =IFERROR(__xludf.DUMMYFUNCTION("""COMPUTED_VALUE"""),"0.2 Tidak Dapat Izin Warga/Kades/Lurah/Developer") -> 0.2 Tidak Dapat Izin Warga/Kades/Lurah/Developer | Q13: =IFERROR(__xludf.DUMMYFUNCTION("""COMPUTED_VALUE"""),"drop tidak dapat ijin pihak developer) (07/01) Persiapan") -> drop tidak dapat ijin pihak developer) (07/01) Persiapan | U13: =IFERROR(__xludf.DUMMYFUNCTION("""COMPUTED_VALUE"""),"DROP") -> DROP | X13: =IFERROR(__xludf.DUMMYFUNCTION("""COMPUTED_VALUE"""),"BELUM GOLIVE") -> BELUM GOLIVE | Z13: =IFERROR(__xludf.DUMMYFUNCTION("""COMPUTED_VALUE"""),"#N/A") -> #N/A | AF13: =IFERROR(__xludf.DUMMYFUNCTION("""COMPUTED_VALUE"""),"Draft BA DROP") -> Draft BA DROP | AI13: =IF(OR(R13="",AE13=""),"",R13-AE13) | AJ13: =if(AI13>=0,"not yet","lewat komitmen") -> not yet | AR13: 7 | AS13: 2026 | AT13: 11202007 | AU13: RKP PT3 TSEL BUM-FJ GG. APEL TJ. BUNTUNG | AV13: REGIONAL I | AW13: =xlookup(AX13,BANTU!B:B,BANTU!A:A) -> BATAM | AX13: BUM | AY13: SUMBAGTENG | AZ13: BATAM | BA13: Batch 2 | BB13: 2 | BC13: 16 | BD13: PT TRIPOLA PANATA | BE13: 5. INSTALASI | BF13: 5.9 Proses Pemasangan/Terminasi ODP/OTB | BG13: 18/02 Fi tanggal 24 Feb, Sumbit ABD tanggal 25 Feb. 09/02 Proses terminasi. 04/02 Proses tarik kabel, plan FI tanggal 07. 30/01 Tanam tiang. 28/01 Deliv material, Plan tanam tiang tgl 29, tarik kabel 30, Terminasi dan ABD mancore tanggal 31 | BH13: MARET | BI13: 46089 | BK13: GOLIVE | BO13: TARGET | BP13: =BB3 -> 8 | BQ13: =BC3 -> 64
A14: =IFERROR(__xludf.DUMMYFUNCTION("""COMPUTED_VALUE"""),2026.0) -> 2026 | B14: =IFERROR(__xludf.DUMMYFUNCTION("""COMPUTED_VALUE"""),1.1170704E7) -> 11170704 | C14: =IFERROR(__xludf.DUMMYFUNCTION("""COMPUTED_VALUE"""),"SMU TBT-FC D04 CLUST TAMBANGAN HULU") -> SMU TBT-FC D04 CLUST TAMBANGAN HULU | D14: =IFERROR(__xludf.DUMMYFUNCTION("""COMPUTED_VALUE"""),"REGIONAL I") -> REGIONAL I | E14: =IFERROR(__xludf.DUMMYFUNCTION("""COMPUTED_VALUE"""),"SUMUT") -> SUMUT | F14: =IFERROR(__xludf.DUMMYFUNCTION("""COMPUTED_VALUE"""),"TBT") -> TBT | G14: =IFERROR(__xludf.DUMMYFUNCTION("""COMPUTED_VALUE"""),"SUMBAGUT") -> SUMBAGUT | H14: =IFERROR(__xludf.DUMMYFUNCTION("""COMPUTED_VALUE"""),"PEMATANG SIANTAR") -> PEMATANG SIANTAR | I14: =IFERROR(__xludf.DUMMYFUNCTION("""COMPUTED_VALUE"""),"Batch 1") -> Batch 1 | J14: =IFERROR(__xludf.DUMMYFUNCTION("""COMPUTED_VALUE"""),2.0) -> 2 | K14: =IFERROR(__xludf.DUMMYFUNCTION("""COMPUTED_VALUE"""),16.0) -> 16 | L14: =IFERROR(__xludf.DUMMYFUNCTION("""COMPUTED_VALUE"""),331915.0) -> 331915 | M14: =IFERROR(__xludf.DUMMYFUNCTION("""COMPUTED_VALUE"""),5310626.0) -> 5310626 | N14: =IFERROR(__xludf.DUMMYFUNCTION("""COMPUTED_VALUE"""),"PT INTI SUKSES") -> PT INTI SUKSES | O14: =IFERROR(__xludf.DUMMYFUNCTION("""COMPUTED_VALUE"""),"0. DROP") -> 0. DROP | P14: =IFERROR(__xludf.DUMMYFUNCTION("""COMPUTED_VALUE"""),"0.1 Double Order") -> 0.1 Double Order | Q14: =IFERROR(__xludf.DUMMYFUNCTION("""COMPUTED_VALUE"""),"drop sudah kordinasi dengan TIF kendala sudah tercover project pt2 simple di titik yg sama . (07/01) Persiapan") -> drop sudah kordinasi dengan TIF kendala sudah tercover project pt2 simple di titik yg sama . (07/01) Persiapan | U14: =IFERROR(__xludf.DUMMYFUNCTION("""COMPUTED_VALUE"""),"W03-344/2025") -> W03-344/2025 | X14: =IFERROR(__xludf.DUMMYFUNCTION("""COMPUTED_VALUE"""),"BELUM GOLIVE") -> BELUM GOLIVE | Z14: =IFERROR(__xludf.DUMMYFUNCTION("""COMPUTED_VALUE"""),"#N/A") -> #N/A | AF14: =IFERROR(__xludf.DUMMYFUNCTION("""COMPUTED_VALUE"""),"Draft BA DROP") -> Draft BA DROP | AI14: =IF(OR(R14="",AE14=""),"",R14-AE14) | AJ14: =if(AI14>=0,"not yet","lewat komitmen") -> not yet | AR14: 8 | AS14: 2026 | AT14: 11902804 | AU14: RKP TSEL PT3 SLU-FAS KOTA BATAM_18520 | AV14: REGIONAL I | AW14: =xlookup(AX14,BANTU!B:B,BANTU!A:A) -> BATAM | AX14: SLU | AY14: SUMBAGTENG | AZ14: BATAM | BA14: Batch 2 | BB14: 1 | BC14: 8 | BD14: PT MITRA HOSINDO SEJAHTERA | BE14: 4. MATDEL | BF14: 4.1 Belum Request Material (Alista) | BG14: 16/02 CPP eval OK, progres deliv material. 11/02 Done survey. izin OK. 09/02 sudah anwijzing dan perizinan, plan pembuatan BOQ dan KML survey. 29/01 anwijzing OK, proses perizinan. 28/01 Plan survey HI.. 21/01 plansurvey 28 Jan | BH14: MARET | BI14: 46089 | BO14: ACH GOLIVE | BP14: =BP12/BB3 -> 17.75 | BQ14: =BQ12/BC3 -> 17.625 | BS14: PADANG | BT14: 1140 | BU14: =SUMIFS( 'PT2 UNTSEL 2026'!$AS:$AS, 'PT2 UNTSEL 2026'!$AF:$AF,"padang", 'PT2 UNTSEL 2026'!$AZ:$AZ,"GO LIVE", 'PT2 UNTSEL 2026'!$T:$T,">="&DATE(2026,3,1), 'PT2 UNTSEL 2026'!$T:$T,"<"&DATE(2026,4,1) ) -> 72 | BV14: =BU14/BT14 -> 0.063157895 | BW14: 3711 | BX14: ='REPORT GOLIVE JPP - OLO'!U13 -> 160 | BY14: =BX14/BW14 -> 0.043115063 | BZ14: =BT14+BW14 -> 4851 | CA14: =BU14+BX14 -> 232 | CB14: =CA14/BZ14 -> 0.047825191 | CD14: PADANG | CE14: 5430 | CF14: =SUMIFS( 'PT2 UNTSEL 2026'!$AS:$AS, 'PT2 UNTSEL 2026'!$AF:$AF,"padang", 'PT2 UNTSEL 2026'!$AZ:$AZ,"GO LIVE") -> 328 | CG14: =CF14/CE14 -> 0.060405157 | CH14: 11653 | CI14: =SUMIFS(K10:K3194,H10:H3194,"padang",R10:R3194,"golive") -> 0 | CJ14: =CI14/CH14 -> 0 | CK14: =CE14+CH14 -> 17083 | CL14: =CF14+CI14 -> 328 | CM14: =CL14/CK14 -> 0.019200375
A15: =IFERROR(__xludf.DUMMYFUNCTION("""COMPUTED_VALUE"""),2026.0) -> 2026 | B15: =IFERROR(__xludf.DUMMYFUNCTION("""COMPUTED_VALUE"""),1.1187422E7) -> 11187422 | C15: =IFERROR(__xludf.DUMMYFUNCTION("""COMPUTED_VALUE"""),"MDN PT3 P7I11 GLG-FC JL.ASRAMA KODAM") -> MDN PT3 P7I11 GLG-FC JL.ASRAMA KODAM | D15: =IFERROR(__xludf.DUMMYFUNCTION("""COMPUTED_VALUE"""),"REGIONAL I") -> REGIONAL I | E15: =IFERROR(__xludf.DUMMYFUNCTION("""COMPUTED_VALUE"""),"MEDAN") -> MEDAN | F15: =IFERROR(__xludf.DUMMYFUNCTION("""COMPUTED_VALUE"""),"GLG") -> GLG | G15: =IFERROR(__xludf.DUMMYFUNCTION("""COMPUTED_VALUE"""),"SUMBAGUT") -> SUMBAGUT | H15: =IFERROR(__xludf.DUMMYFUNCTION("""COMPUTED_VALUE"""),"MEDAN") -> MEDAN | I15: =IFERROR(__xludf.DUMMYFUNCTION("""COMPUTED_VALUE"""),"Batch 1") -> Batch 1 | J15: =IFERROR(__xludf.DUMMYFUNCTION("""COMPUTED_VALUE"""),2.0) -> 2 | K15: =IFERROR(__xludf.DUMMYFUNCTION("""COMPUTED_VALUE"""),16.0) -> 16 | L15: =IFERROR(__xludf.DUMMYFUNCTION("""COMPUTED_VALUE"""),902947.0) -> 902947 | M15: =IFERROR(__xludf.DUMMYFUNCTION("""COMPUTED_VALUE"""),1.4447144E7) -> 14447144 | N15: =IFERROR(__xludf.DUMMYFUNCTION("""COMPUTED_VALUE"""),"PT BONGKAR SEJATI ANDALAN") -> PT BONGKAR SEJATI ANDALAN | O15: =IFERROR(__xludf.DUMMYFUNCTION("""COMPUTED_VALUE"""),"2. DONE AANWIJZING") -> 2. DONE AANWIJZING | P15: =IFERROR(__xludf.DUMMYFUNCTION("""COMPUTED_VALUE"""),"2.10 Kendala - Feeder Rusak") -> 2.10 Kendala - Feeder Rusak | Q15: =IFERROR(__xludf.DUMMYFUNCTION("""COMPUTED_VALUE"""),"20/04 pengecekan tipus/butuh qe 01/04 GLG-FC feeder redti 27/01 order mitra (07/01) Persiapan") -> 20/04 pengecekan tipus/butuh qe 01/04 GLG-FC feeder redti 27/01 order mitra (07/01) Persiapan | X15: =IFERROR(__xludf.DUMMYFUNCTION("""COMPUTED_VALUE"""),"BELUM GOLIVE") -> BELUM GOLIVE | Z15: =IFERROR(__xludf.DUMMYFUNCTION("""COMPUTED_VALUE"""),"#N/A") -> #N/A | AI15: =IF(OR(R15="",AE15=""),"",R15-AE15) | AJ15: =if(AI15>=0,"not yet","lewat komitmen") -> not yet | AR15: 9 | AS15: 2026 | AT15: 12551223 | AU15: RKP TSEL PT2 KMS-FAQ 250_402_4247 | AV15: REGIONAL I | AW15: =xlookup(AX15,BANTU!B:B,BANTU!A:A) -> BATAM | AX15: KMS | AY15: SUMBAGTENG | AZ15: BATAM | BA15: Batch 3 | BB15: 3 | BC15: 24 | BD15: PT SALTTEK DUMPANG JAYA | BE15: 6. FINISH INSTALASI | BF15: 6.7 Belum Submit ABD | BG15: 04/03 ABD mitra. 12/02 MP Terbatas di pulau tanjung pinang, tidak bisa komit sampai bulan maret. 09/02 plan anwijzing minggu ini, PIC mitra paralel progres installasi.04/02 Order Batch 3 di survey minggu depan. 23/01 Plan anwijzing 26 Jan, Order Baru. 22/01 Order baru, proses penunjukan mitra | BH15: MARET | BI15: 46089 | BK15: GOLIVE
A16: =IFERROR(__xludf.DUMMYFUNCTION("""COMPUTED_VALUE"""),2026.0) -> 2026 | B16: =IFERROR(__xludf.DUMMYFUNCTION("""COMPUTED_VALUE"""),1.1188922E7) -> 11188922 | C16: =IFERROR(__xludf.DUMMYFUNCTION("""COMPUTED_VALUE"""),"MDN PT3 P7I10 TJR-FA JL.JAYA") -> MDN PT3 P7I10 TJR-FA JL.JAYA | D16: =IFERROR(__xludf.DUMMYFUNCTION("""COMPUTED_VALUE"""),"REGIONAL I") -> REGIONAL I | E16: =IFERROR(__xludf.DUMMYFUNCTION("""COMPUTED_VALUE"""),"MEDAN") -> MEDAN | F16: =IFERROR(__xludf.DUMMYFUNCTION("""COMPUTED_VALUE"""),"TJR") -> TJR | G16: =IFERROR(__xludf.DUMMYFUNCTION("""COMPUTED_VALUE"""),"SUMBAGUT") -> SUMBAGUT | H16: =IFERROR(__xludf.DUMMYFUNCTION("""COMPUTED_VALUE"""),"MEDAN") -> MEDAN | I16: =IFERROR(__xludf.DUMMYFUNCTION("""COMPUTED_VALUE"""),"Batch 1") -> Batch 1 | J16: =IFERROR(__xludf.DUMMYFUNCTION("""COMPUTED_VALUE"""),4.0) -> 4 | K16: =IFERROR(__xludf.DUMMYFUNCTION("""COMPUTED_VALUE"""),32.0) -> 32 | L16: =IFERROR(__xludf.DUMMYFUNCTION("""COMPUTED_VALUE"""),977883.0) -> 977883 | M16: =IFERROR(__xludf.DUMMYFUNCTION("""COMPUTED_VALUE"""),3.129224E7) -> 31292240 | N16: =IFERROR(__xludf.DUMMYFUNCTION("""COMPUTED_VALUE"""),"PT UPAYA TEKNIK") -> PT UPAYA TEKNIK | O16: =IFERROR(__xludf.DUMMYFUNCTION("""COMPUTED_VALUE"""),"3. PERIZINAN") -> 3. PERIZINAN | P16: =IFERROR(__xludf.DUMMYFUNCTION("""COMPUTED_VALUE"""),"3.9 Izin Kades / Lurah / RTRW") -> 3.9 Izin Kades / Lurah / RTRW | Q16: =IFERROR(__xludf.DUMMYFUNCTION("""COMPUTED_VALUE"""),"21/04 OGP perizinan 31/03 menunggu info keputusan desa (01/04) 20/02 fedeer ok, D09 ok (07/01) Persiapan") -> 21/04 OGP perizinan 31/03 menunggu info keputusan desa (01/04) 20/02 fedeer ok, D09 ok (07/01) Persiapan | V16: =IFERROR(__xludf.DUMMYFUNCTION("""COMPUTED_VALUE"""),"28/Apr/2026") -> 28/Apr/2026 | X16: =IFERROR(__xludf.DUMMYFUNCTION("""COMPUTED_VALUE"""),"BELUM GOLIVE") -> BELUM GOLIVE | Z16: =IFERROR(__xludf.DUMMYFUNCTION("""COMPUTED_VALUE"""),"#N/A") -> #N/A | AI16: =IF(OR(R16="",AE16=""),"",R16-AE16) | AJ16: =if(AI16>=0,"not yet","lewat komitmen") -> not yet | AR16: 10 | AS16: 2026 | AT16: 11379520 | AU16: RDR PPN PT4 P2I2 DALU DALU PEKAN TEBI | AV16: REGIONAL I | AW16: =xlookup(AX16,BANTU!B:B,BANTU!A:A) -> DUMAI | AX16: PPN | AY16: SUMBAGTENG | AZ16: DUMAI | BA16: Batch 2 | BB16: 23 | BC16: 184 | BD16: PT LIBER PERSADA MANDIRI | BE16: 6. FINISH INSTALASI | BF16: 6.3 Kendala OLT / Mini OLT / OTN | BG16: 04/03 Menunggu Discovery Mini OLT 02/03 Menunggu Mini OLT PPN224 20/02 Plan Selesai Fisik 27 Feb 10/02 Pengitiman material ke Lokasi 29/01 Menunggu Order Mini OLT (07/01) Persiapan | BH16: MARET | BI16: 46090 | BK16: GOLIVE | BL16: 544 | BS16: PEKANBARU | BT16: 2137 | BU16: =SUMIFS( 'PT2 UNTSEL 2026'!$AS:$AS, 'PT2 UNTSEL 2026'!$AF:$AF,"pekanbaru", 'PT2 UNTSEL 2026'!$AZ:$AZ,"GO LIVE", 'PT2 UNTSEL 2026'!$T:$T,">="&DATE(2026,3,1), 'PT2 UNTSEL 2026'!$T:$T,"<"&DATE(2026,4,1) ) -> 8 | BV16: =BU16/BT16 -> 0.0037435657 | BW16: 640 | BX16: ='REPORT GOLIVE JPP - OLO'!U15 -> 136 | BY16: =BX16/BW16 -> 0.2125 | BZ16: =BT16+BW16 -> 2777 | CA16: =BU16+BX16 -> 144 | CB16: =CA16/BZ16 -> 0.051854519 | CD16: PEKANBARU | CE16: 10181 | CF16: =SUMIFS( 'PT2 UNTSEL 2026'!$AS:$AS, 'PT2 UNTSEL 2026'!$AF:$AF,"pekanbaru", 'PT2 UNTSEL 2026'!$AZ:$AZ,"GO LIVE") -> 232 | CG16: =CF16/CE16 -> 0.022787545 | CH16: 2010 | CI16: =SUMIFS(K12:K3194,H12:H3194,"pekanbaru",R12:R3194,"golive") -> 0 | CJ16: =CI16/CH16 -> 0 | CK16: =CE16+CH16 -> 12191 | CL16: =CF16+CI16 -> 232 | CM16: =CL16/CK16 -> 0.019030432
A17: =IFERROR(__xludf.DUMMYFUNCTION("""COMPUTED_VALUE"""),2026.0) -> 2026 | B17: =IFERROR(__xludf.DUMMYFUNCTION("""COMPUTED_VALUE"""),1.1220046E7) -> 11220046 | C17: =IFERROR(__xludf.DUMMYFUNCTION("""COMPUTED_VALUE"""),"MDN PT3 PER-FK DESA TUALANG PERBAUNGAN") -> MDN PT3 PER-FK DESA TUALANG PERBAUNGAN | D17: =IFERROR(__xludf.DUMMYFUNCTION("""COMPUTED_VALUE"""),"REGIONAL I") -> REGIONAL I | E17: =IFERROR(__xludf.DUMMYFUNCTION("""COMPUTED_VALUE"""),"MEDAN") -> MEDAN | F17: =IFERROR(__xludf.DUMMYFUNCTION("""COMPUTED_VALUE"""),"PER") -> PER | G17: =IFERROR(__xludf.DUMMYFUNCTION("""COMPUTED_VALUE"""),"SUMBAGUT") -> SUMBAGUT | H17: =IFERROR(__xludf.DUMMYFUNCTION("""COMPUTED_VALUE"""),"PEMATANG SIANTAR") -> PEMATANG SIANTAR | I17: =IFERROR(__xludf.DUMMYFUNCTION("""COMPUTED_VALUE"""),"Batch 1") -> Batch 1 | J17: =IFERROR(__xludf.DUMMYFUNCTION("""COMPUTED_VALUE"""),3.0) -> 3 | K17: =IFERROR(__xludf.DUMMYFUNCTION("""COMPUTED_VALUE"""),24.0) -> 24 | L17: =IFERROR(__xludf.DUMMYFUNCTION("""COMPUTED_VALUE"""),1282594.0) -> 1282594 | M17: =IFERROR(__xludf.DUMMYFUNCTION("""COMPUTED_VALUE"""),3.0782233E7) -> 30782233 | N17: =IFERROR(__xludf.DUMMYFUNCTION("""COMPUTED_VALUE"""),"PT INNANDA INDAH") -> PT INNANDA INDAH | O17: =IFERROR(__xludf.DUMMYFUNCTION("""COMPUTED_VALUE"""),"0. DROP") -> 0. DROP | P17: =IFERROR(__xludf.DUMMYFUNCTION("""COMPUTED_VALUE"""),"0.4 CPP Tinggi Acc ED TIF") -> 0.4 CPP Tinggi Acc ED TIF | Q17: =IFERROR(__xludf.DUMMYFUNCTION("""COMPUTED_VALUE"""),"09/02 proses perizinan desa (07/01) Persiapan") -> 09/02 proses perizinan desa (07/01) Persiapan | X17: =IFERROR(__xludf.DUMMYFUNCTION("""COMPUTED_VALUE"""),"BELUM GOLIVE") -> BELUM GOLIVE | Z17: =IFERROR(__xludf.DUMMYFUNCTION("""COMPUTED_VALUE"""),"#N/A") -> #N/A | AF17: =IFERROR(__xludf.DUMMYFUNCTION("""COMPUTED_VALUE"""),"Draft BA DROP") -> Draft BA DROP | AI17: =IF(OR(R17="",AE17=""),"",R17-AE17) | AJ17: =if(AI17>=0,"not yet","lewat komitmen") -> not yet | AR17: 11 | AS17: 2026 | AT17: 11417924 | AU17: RDR SOK PT3 P3I1 SOK FE | AV17: REGIONAL I | AW17: =xlookup(AX17,BANTU!B:B,BANTU!A:A) -> PEKANBARU | AX17: SOK | AY17: SUMBAGTENG | AZ17: PEKANBARU | BA17: Batch 2 | BB17: 19 | BC17: 160 | BD17: PT KENCANA RAYA INDONESIA | BE17: 5. INSTALASI | BF17: 5.6 Proses Penarikan Kabel | BG17: 20/02 Plan selesai fisik 28 Feb 10/02 Antrian Tim Mitra 09/02 Antrian Review 29/01 Antrian Review hasil anwidzing 21/01 Terget selesai survey 24 Jan (07/01) Persiapan | BH17: MARET | BI17: 46090
A18: =IFERROR(__xludf.DUMMYFUNCTION("""COMPUTED_VALUE"""),2026.0) -> 2026 | B18: =IFERROR(__xludf.DUMMYFUNCTION("""COMPUTED_VALUE"""),1.1220047E7) -> 11220047 | C18: =IFERROR(__xludf.DUMMYFUNCTION("""COMPUTED_VALUE"""),"MDN PT3 PER-FK DESA MELATI PERBAUNGAN") -> MDN PT3 PER-FK DESA MELATI PERBAUNGAN | D18: =IFERROR(__xludf.DUMMYFUNCTION("""COMPUTED_VALUE"""),"REGIONAL I") -> REGIONAL I | E18: =IFERROR(__xludf.DUMMYFUNCTION("""COMPUTED_VALUE"""),"MEDAN") -> MEDAN | F18: =IFERROR(__xludf.DUMMYFUNCTION("""COMPUTED_VALUE"""),"PER") -> PER | G18: =IFERROR(__xludf.DUMMYFUNCTION("""COMPUTED_VALUE"""),"SUMBAGUT") -> SUMBAGUT | H18: =IFERROR(__xludf.DUMMYFUNCTION("""COMPUTED_VALUE"""),"PEMATANG SIANTAR") -> PEMATANG SIANTAR | I18: =IFERROR(__xludf.DUMMYFUNCTION("""COMPUTED_VALUE"""),"Batch 1") -> Batch 1 | J18: =IFERROR(__xludf.DUMMYFUNCTION("""COMPUTED_VALUE"""),10.0) -> 10 | K18: =IFERROR(__xludf.DUMMYFUNCTION("""COMPUTED_VALUE"""),80.0) -> 80 | L18: =IFERROR(__xludf.DUMMYFUNCTION("""COMPUTED_VALUE"""),1090807.0) -> 1090807 | M18: =IFERROR(__xludf.DUMMYFUNCTION("""COMPUTED_VALUE"""),8.726453E7) -> 87264530 | N18: =IFERROR(__xludf.DUMMYFUNCTION("""COMPUTED_VALUE"""),"PT INNANDA INDAH") -> PT INNANDA INDAH | O18: =IFERROR(__xludf.DUMMYFUNCTION("""COMPUTED_VALUE"""),"2. DONE AANWIJZING") -> 2. DONE AANWIJZING | P18: =IFERROR(__xludf.DUMMYFUNCTION("""COMPUTED_VALUE"""),"2.10 Kendala - Feeder Rusak") -> 2.10 Kendala - Feeder Rusak | Q18: =IFERROR(__xludf.DUMMYFUNCTION("""COMPUTED_VALUE"""),"21/04 pengecekan tipus / butuh qe 09/02 proses perizinan desa (07/01) Persiapan") -> 21/04 pengecekan tipus / butuh qe 09/02 proses perizinan desa (07/01) Persiapan | V18: =IFERROR(__xludf.DUMMYFUNCTION("""COMPUTED_VALUE"""),"28/Apr/2026") -> 28/Apr/2026 | X18: =IFERROR(__xludf.DUMMYFUNCTION("""COMPUTED_VALUE"""),"BELUM GOLIVE") -> BELUM GOLIVE | Z18: =IFERROR(__xludf.DUMMYFUNCTION("""COMPUTED_VALUE"""),"#N/A") -> #N/A | AI18: =IF(OR(R18="",AE18=""),"",R18-AE18) | AJ18: =if(AI18>=0,"not yet","lewat komitmen") -> not yet | AR18: 12 | AS18: 2026 | AT18: 11869855 | AU18: RDR JPP PT3 TAMBAHAN BKN FAD | AV18: REGIONAL I | AW18: =xlookup(AX18,BANTU!B:B,BANTU!A:A) -> DUMAI | AX18: BKN | AY18: SUMBAGTENG | AZ18: DUMAI | BA18: Batch 2 | BB18: 9 | BC18: 72 | BD18: PT SINAR KEPRI SEJAHTERA | BE18: 5. INSTALASI | BF18: 5.9 Proses Pemasangan/Terminasi ODP/OTB | BG18: 10/02 Pengitiman material ke Lokasi 29/01 Pengiriman material ke Lokasi (07/01) Persiapan | BH18: MARET | BI18: 46090 | BJ18: 46106 | BK18: GOLIVE | BS18: GRAND TOTAL | BT18: =sum(BT8:BT16) -> 6127 | BU18: =sum(BU8:BU16) -> 808 | BV18: =sum(BV8:BV16)/5 -> 0.14858497 | BW18: =sum(BW8:BW16) -> 21743 | BX18: =sum(BX8:BX16) -> 1376 | BY18: =sum(BY8:BY16)/5 -> 0.085823107 | BZ18: =sum(BZ8:BZ16) -> 27870 | CA18: =sum(CA8:CA16) -> 2184 | CB18: =sum(CB8:CB16)/5 -> 0.086767579 | CD18: GRAND TOTAL | CE18: =sum(CE8:CE16) -> 29187 | CF18: =sum(CF8:CF16) -> 3440 | CG18: =sum(CG8:CG16)/5 -> 0.13479099 | CH18: =sum(CH8:CH16) -> 68276 | CI18: =sum(CI8:CI16) -> 0 | CJ18: =sum(CJ8:CJ16)/5 -> 0 | CK18: =sum(CK8:CK16) -> 97463 | CL18: =sum(CL8:CL16) -> 3440 | CM18: =sum(CM8:CM16)/5 -> 0.044118471
A19: =IFERROR(__xludf.DUMMYFUNCTION("""COMPUTED_VALUE"""),2026.0) -> 2026 | B19: =IFERROR(__xludf.DUMMYFUNCTION("""COMPUTED_VALUE"""),1.1264388E7) -> 11264388 | C19: =IFERROR(__xludf.DUMMYFUNCTION("""COMPUTED_VALUE"""),"SMU-ODC-PDN-FAC D09 LANBOW S602") -> SMU-ODC-PDN-FAC D09 LANBOW S602 | D19: =IFERROR(__xludf.DUMMYFUNCTION("""COMPUTED_VALUE"""),"REGIONAL I") -> REGIONAL I | E19: =IFERROR(__xludf.DUMMYFUNCTION("""COMPUTED_VALUE"""),"SUMUT") -> SUMUT | F19: =IFERROR(__xludf.DUMMYFUNCTION("""COMPUTED_VALUE"""),"PDN") -> PDN | G19: =IFERROR(__xludf.DUMMYFUNCTION("""COMPUTED_VALUE"""),"SUMBAGUT") -> SUMBAGUT | H19: =IFERROR(__xludf.DUMMYFUNCTION("""COMPUTED_VALUE"""),"PEMATANG SIANTAR") -> PEMATANG SIANTAR | I19: =IFERROR(__xludf.DUMMYFUNCTION("""COMPUTED_VALUE"""),"Batch 1") -> Batch 1 | J19: =IFERROR(__xludf.DUMMYFUNCTION("""COMPUTED_VALUE"""),24.0) -> 24 | K19: =IFERROR(__xludf.DUMMYFUNCTION("""COMPUTED_VALUE"""),192.0) -> 192 | L19: =IFERROR(__xludf.DUMMYFUNCTION("""COMPUTED_VALUE"""),1064398.0) -> 1064398 | M19: =IFERROR(__xludf.DUMMYFUNCTION("""COMPUTED_VALUE"""),2.04364398E8) -> 204364398 | N19: =IFERROR(__xludf.DUMMYFUNCTION("""COMPUTED_VALUE"""),"PT CAHAYA PERMATA MANDIRI") -> PT CAHAYA PERMATA MANDIRI | O19: =IFERROR(__xludf.DUMMYFUNCTION("""COMPUTED_VALUE"""),"8. UJI TERIMA") -> 8. UJI TERIMA | P19: =IFERROR(__xludf.DUMMYFUNCTION("""COMPUTED_VALUE"""),"8.1 Proses UT") -> 8.1 Proses UT | Q19: =IFERROR(__xludf.DUMMYFUNCTION("""COMPUTED_VALUE"""),"19/2 sisa valins 24 odp, ku 12 (2924 selesai ku 24 (4900 selesai, tiang 46 selesai, 18/2 proses terminasi 24 odp, 14 odp sudah ada redaman, sisa 10 odp paralel valins, 16/2 instal 24 odp, ku 12 (2924 sisa 914, ku 24 (4900 selesai, tiang 46 sisa 10, 13/2"&" penarikan ku 24 (4900 selesai) ku 12 (2924 blm ada progres), odp (24) blm ada progres, tiang 46 btg blm progres, odc 288 (2 selesai), 12/2 penarikan ku 24 (4900 sisa 1600) ku 12 (2924 blm ada progres), odp (24) blm ada progres, tiang 46 btg blm progres, "&"odc 288 (2 selesai), 11/2 penarikan ku 24 (4900 sisa 2800) ku 12 (2924 blm ada progres), odp (24) blm ada progres, tiang 46 btg blm progres, 10/2 penarikan ku 24 (4900 sisa 4100) ku 12 (2924 blm ada progres), odp (24) blm ada progres, 9/2 Material on sit"&"e, plan tanam tiang bsk 10/2, 6/2 plan mitra ambil matrial ke gudang senin 9 feb , 5/2 plan mitra ambil matrial ke gudang senin 9 feb , 4/2 cek cpp penambahan prelim, 3/2 prepair team kelokasi untuk lanjut perizinan ke desa dan devloper, 2/2 plan besok"&" 3/2 team kelokasi untuk lanjut perizinan ke desa dan devloper, 1/2 plan besok team kelokasi untuk lanjut perizinan ke desa dan devloper 30/1 proses perizinan ke desa dan devloper , 28/1 plan besok 29/1 proses perizinan ke desa dan devloper , 27/1 prose"&"s perizinan ke desa dan devloper ,26/1 proses perizinan ke desa dan devloper , 23/1 proses perizinan ke desa dan devloper , 22/1 proses perizinan ke desa dan devloper paralel req material, 21/1 proses perizinan ke desa dan devloper paralel req material, "&"20/1 proses perizinan ke desa dan devloper paralel req material, 19/1 proses boq kml hasil survey parale perizinan desa dan perumahan harmoni,15/1 plan survey 19/1, 14/1 plan survey 19.1, 13/1 plan survey senin 19/1, (07/01) Persiapan") -> 19/2 sisa valins 24 odp, ku 12 (2924 selesai ku 24 (4900 selesai, tiang 46 selesai, 18/2 proses terminasi 24 odp, 14 odp sudah ada redaman, sisa 10 odp paralel valins, 16/2 instal 24 odp, ku 12 (2924 sisa 914, ku 24 (4900 selesai, tiang 46 sisa 10, 13/2 penarikan ku 24 (4900 selesai) ku 12 (2924 blm ada progres), odp (24) blm ada progres, tiang 46 btg blm progres, odc 288 (2 selesai), 12/2 penarikan ku 24 (4900 sisa 1600) ku 12 (2924 blm ada progres), odp (24) blm ada progres, tiang 46 btg blm progres, odc 288 (2 selesai), 11/2 penarikan ku 24 (4900 sisa 2800) ku 12 (2924 blm ada progres), odp (24) blm ada progres, tiang 46 btg blm progres, 10/2 penarikan ku 24 (4900 sisa 4100) ku 12 (2924 blm ada progres), odp (24) blm ada progres, 9/2 Material on site, plan tanam tiang bsk 10/2, 6/2 plan mitra ambil matrial ke gudang senin 9 feb , 5/2 plan mitra ambil matrial ke gudang senin 9 feb , 4/2 cek cpp penambahan prelim, 3/2 prepair team kelokasi untuk lanjut perizinan ke desa dan devloper, 2/2 plan besok 3/2 team kelokasi untuk lanjut perizinan ke desa dan devloper, 1/2 plan besok team kelokasi untuk lanjut perizinan ke desa dan devloper 30/1 proses perizinan ke desa dan devloper , 28/1 plan besok 29/1 proses perizinan ke desa dan devloper , 27/1 proses perizinan ke desa dan devloper ,26/1 proses perizinan ke desa dan devloper , 23/1 proses perizinan ke desa dan devloper , 22/1 proses perizinan ke desa dan devloper paralel req material, 21/1 proses perizinan ke desa dan devloper paralel req material, 20/1 proses perizinan ke desa dan devloper paralel req material, 19/1 proses boq kml hasil survey parale perizinan desa dan perumahan harmoni,15/1 plan survey 19/1, 14/1 plan survey 19.1, 13/1 plan survey senin 19/1, (07/01) Persiapan | R19: =IFERROR(__xludf.DUMMYFUNCTION("""COMPUTED_VALUE"""),46073.0) -> 46073 | U19: =IFERROR(__xludf.DUMMYFUNCTION("""COMPUTED_VALUE"""),"TIF-1363/2026") -> TIF-1363/2026 | X19: =IFERROR(__xludf.DUMMYFUNCTION("""COMPUTED_VALUE"""),"GOLIVE") -> GOLIVE | Y19: =IFERROR(__xludf.DUMMYFUNCTION("""COMPUTED_VALUE"""),"DONE") -> DONE | Z19: =IFERROR(__xludf.DUMMYFUNCTION("""COMPUTED_VALUE"""),"#N/A") -> #N/A | AA19: =IFERROR(__xludf.DUMMYFUNCTION("""COMPUTED_VALUE"""),24.0) -> 24 | AC19: =IFERROR(__xludf.DUMMYFUNCTION("""COMPUTED_VALUE"""),"9133627#9133632") -> 9133627#9133632 | AD19: =IFERROR(__xludf.DUMMYFUNCTION("""COMPUTED_VALUE"""),192.0) -> 192 | AE19: =IFERROR(__xludf.DUMMYFUNCTION("""COMPUTED_VALUE"""),46073.0) -> 46073 | AH19: 46073 | AI19: =IF(OR(R19="",AE19=""),"",R19-AE19) -> 0 | AJ19: =if(AI19>=0,"not yet","lewat komitmen") -> not yet | AR19: 13 | AS19: 2026 | AT19: 12742641 | AU19: SMB-PT3-ODC-SIG-FA-54664-36312-99064 | AV19: REGIONAL I | AW19: =xlookup(AX19,BANTU!B:B,BANTU!A:A) -> BUKIT TINGGI | AX19: SIG | AY19: SUMBAGTENG | AZ19: BUKIT TINGGI | BA19: Batch 3 | BB19: 4 | BC19: 32 | BD19: PT TSUIKA BERKAH RAYA | BE19: 6. FINISH INSTALASI | BF19: 6.8 Sudah Submit ABD ke SDI | BG19: (05/03) ABD done submit ke sdi (02/03) ABD OGP submit ke sdi (18/02) Tanam tiang plan FI 20/02 (03/02) Proses create PID (29/01) Done aanwijziing , proses eval | BH19: MARET | BI19: 46090 | BK19: GOLIVE
A20: =IFERROR(__xludf.DUMMYFUNCTION("""COMPUTED_VALUE"""),2026.0) -> 2026 | B20: =IFERROR(__xludf.DUMMYFUNCTION("""COMPUTED_VALUE"""),1.1272032E7) -> 11272032 | C20: =IFERROR(__xludf.DUMMYFUNCTION("""COMPUTED_VALUE"""),"MDN PT3 P1I1 PER-FP DS SUKAJADI") -> MDN PT3 P1I1 PER-FP DS SUKAJADI | D20: =IFERROR(__xludf.DUMMYFUNCTION("""COMPUTED_VALUE"""),"REGIONAL I") -> REGIONAL I | E20: =IFERROR(__xludf.DUMMYFUNCTION("""COMPUTED_VALUE"""),"MEDAN") -> MEDAN | F20: =IFERROR(__xludf.DUMMYFUNCTION("""COMPUTED_VALUE"""),"PER") -> PER | G20: =IFERROR(__xludf.DUMMYFUNCTION("""COMPUTED_VALUE"""),"SUMBAGUT") -> SUMBAGUT | H20: =IFERROR(__xludf.DUMMYFUNCTION("""COMPUTED_VALUE"""),"PEMATANG SIANTAR") -> PEMATANG SIANTAR | I20: =IFERROR(__xludf.DUMMYFUNCTION("""COMPUTED_VALUE"""),"Batch 1") -> Batch 1 | J20: =IFERROR(__xludf.DUMMYFUNCTION("""COMPUTED_VALUE"""),18.0) -> 18 | K20: =IFERROR(__xludf.DUMMYFUNCTION("""COMPUTED_VALUE"""),144.0) -> 144 | L20: =IFERROR(__xludf.DUMMYFUNCTION("""COMPUTED_VALUE"""),856718.0) -> 856718 | M20: =IFERROR(__xludf.DUMMYFUNCTION("""COMPUTED_VALUE"""),1.23367301E8) -> 123367301 | N20: =IFERROR(__xludf.DUMMYFUNCTION("""COMPUTED_VALUE"""),"PT INNANDA INDAH") -> PT INNANDA INDAH | O20: =IFERROR(__xludf.DUMMYFUNCTION("""COMPUTED_VALUE"""),"7. GOLIVE") -> 7. GOLIVE | P20: =IFERROR(__xludf.DUMMYFUNCTION("""COMPUTED_VALUE"""),"7.2 Golive Full / OA / DONE OTB") -> 7.2 Golive Full / OA / DONE OTB | Q20: =IFERROR(__xludf.DUMMYFUNCTION("""COMPUTED_VALUE"""),"04/04 pengecekan abd mancore 26/03 pemasangan odp 18/03 tanam tian 05/03 proses matrial 27/02 comcase 5Jt 17/02 proses perizinan desa (07/01) Persiapan") -> 04/04 pengecekan abd mancore 26/03 pemasangan odp 18/03 tanam tian 05/03 proses matrial 27/02 comcase 5Jt 17/02 proses perizinan desa (07/01) Persiapan | R20: =IFERROR(__xludf.DUMMYFUNCTION("""COMPUTED_VALUE"""),46112.0) -> 46112 | S20: =IFERROR(__xludf.DUMMYFUNCTION("""COMPUTED_VALUE"""),"MAR") -> MAR | T20: =IFERROR(__xludf.DUMMYFUNCTION("""COMPUTED_VALUE"""),"P1") -> P1 | X20: =IFERROR(__xludf.DUMMYFUNCTION("""COMPUTED_VALUE"""),"GOLIVE") -> GOLIVE | Y20: =IFERROR(__xludf.DUMMYFUNCTION("""COMPUTED_VALUE"""),"DONE") -> DONE | Z20: =IFERROR(__xludf.DUMMYFUNCTION("""COMPUTED_VALUE"""),"#N/A") -> #N/A | AA20: =IFERROR(__xludf.DUMMYFUNCTION("""COMPUTED_VALUE"""),18.0) -> 18 | AC20: =IFERROR(__xludf.DUMMYFUNCTION("""COMPUTED_VALUE"""),"9232514#9232519") -> 9232514#9232519 | AD20: =IFERROR(__xludf.DUMMYFUNCTION("""COMPUTED_VALUE"""),144.0) -> 144 | AE20: =IFERROR(__xludf.DUMMYFUNCTION("""COMPUTED_VALUE"""),46112.0) -> 46112 | AH20: 46112 | AI20: =IF(OR(R20="",AE20=""),"",R20-AE20) -> 0 | AJ20: =if(AI20>=0,"not yet","lewat komitmen") -> not yet | AR20: 14 | AS20: 2026 | AT20: 11015037 | AU20: RKP PT3 JPPTSEL NGS-FAB ANGSANA GADING THP 3 | AV20: REGIONAL I | AW20: =xlookup(AX20,BANTU!B:B,BANTU!A:A) -> BATAM | AX20: NGS | AY20: SUMBAGTENG | AZ20: BATAM | BA20: Batch 2 | BB20: 2 | BC20: 16 | BD20: PT MITRA AKSES INSANI | BE20: 5. INSTALASI | BF20: 5.9 Proses Pemasangan/Terminasi ODP/OTB | BG20: 18/02 Jointer tiba di hari jumat tanggal 20 Feb, plan FI tanggal 21 Feb, ABD submit 23 Feb. 16/02 Progres terminasi ODP. 12/02 Proses galian dan tanam tiang. 09/02 belum di survey karena, PIC mitra masih fokus di installasi dan LOP butuh percepatan dari Telkomsel. 29/01 Plan survey tanggal 30 karena PIC mitra sdg berhalangan. 28/01 Plan survey 29 Jan. 22/01 Plan survey 24 Jan | BH20: MARET | BI20: 46090
A21: =IFERROR(__xludf.DUMMYFUNCTION("""COMPUTED_VALUE"""),2026.0) -> 2026 | B21: =IFERROR(__xludf.DUMMYFUNCTION("""COMPUTED_VALUE"""),1.1272033E7) -> 11272033 | C21: =IFERROR(__xludf.DUMMYFUNCTION("""COMPUTED_VALUE"""),"MDN PT3 P1I1 PER-FAA PERUM BTG TERAP") -> MDN PT3 P1I1 PER-FAA PERUM BTG TERAP | D21: =IFERROR(__xludf.DUMMYFUNCTION("""COMPUTED_VALUE"""),"REGIONAL I") -> REGIONAL I | E21: =IFERROR(__xludf.DUMMYFUNCTION("""COMPUTED_VALUE"""),"MEDAN") -> MEDAN | F21: =IFERROR(__xludf.DUMMYFUNCTION("""COMPUTED_VALUE"""),"PER") -> PER | G21: =IFERROR(__xludf.DUMMYFUNCTION("""COMPUTED_VALUE"""),"SUMBAGUT") -> SUMBAGUT | H21: =IFERROR(__xludf.DUMMYFUNCTION("""COMPUTED_VALUE"""),"PEMATANG SIANTAR") -> PEMATANG SIANTAR | I21: =IFERROR(__xludf.DUMMYFUNCTION("""COMPUTED_VALUE"""),"Batch 1") -> Batch 1 | J21: =IFERROR(__xludf.DUMMYFUNCTION("""COMPUTED_VALUE"""),5.0) -> 5 | K21: =IFERROR(__xludf.DUMMYFUNCTION("""COMPUTED_VALUE"""),40.0) -> 40 | L21: =IFERROR(__xludf.DUMMYFUNCTION("""COMPUTED_VALUE"""),1261445.0) -> 1261445 | M21: =IFERROR(__xludf.DUMMYFUNCTION("""COMPUTED_VALUE"""),5.0457786E7) -> 50457786 | N21: =IFERROR(__xludf.DUMMYFUNCTION("""COMPUTED_VALUE"""),"PT INNANDA INDAH") -> PT INNANDA INDAH | O21: =IFERROR(__xludf.DUMMYFUNCTION("""COMPUTED_VALUE"""),"0. DROP") -> 0. DROP | P21: =IFERROR(__xludf.DUMMYFUNCTION("""COMPUTED_VALUE"""),"0.4 CPP Tinggi Acc ED TIF") -> 0.4 CPP Tinggi Acc ED TIF | Q21: =IFERROR(__xludf.DUMMYFUNCTION("""COMPUTED_VALUE"""),"08/02 PER-FAA feeder sisa 1 core loss (07/01) Persiapan") -> 08/02 PER-FAA feeder sisa 1 core loss (07/01) Persiapan | X21: =IFERROR(__xludf.DUMMYFUNCTION("""COMPUTED_VALUE"""),"BELUM GOLIVE") -> BELUM GOLIVE | Z21: =IFERROR(__xludf.DUMMYFUNCTION("""COMPUTED_VALUE"""),"#N/A") -> #N/A | AF21: =IFERROR(__xludf.DUMMYFUNCTION("""COMPUTED_VALUE"""),"Draft BA DROP") -> Draft BA DROP | AI21: =IF(OR(R21="",AE21=""),"",R21-AE21) | AJ21: =if(AI21>=0,"not yet","lewat komitmen") -> not yet | AR21: 15 | AS21: 2026 | AT21: 11266582 | AU21: RKP PT3 TSEL TBK-FZ KP. HARAPAN | AV21: REGIONAL I | AW21: =xlookup(AX21,BANTU!B:B,BANTU!A:A) -> BATAM | AX21: TBK | AY21: SUMBAGTENG | AZ21: BATAM | BA21: Batch 2 | BB21: 4 | BC21: 32 | BD21: PT DWI MITRA JAYA UTAMA | BE21: 4. MATDEL | BF21: 4.1 Belum Request Material (Alista) | BG21: 16/02 Izin belum di acc tuan tanah, RT OK. 09/02 FU kembali izin besok 10 Feb karena PIC sedang fokus installasi. 28/01 Plan survey tanggal 29 Jan. 21/01 plan anwijzing 26 jan, peralihan mitra | BH21: MARET | BI21: 46090
A22: =IFERROR(__xludf.DUMMYFUNCTION("""COMPUTED_VALUE"""),2026.0) -> 2026 | B22: =IFERROR(__xludf.DUMMYFUNCTION("""COMPUTED_VALUE"""),1.1272034E7) -> 11272034 | C22: =IFERROR(__xludf.DUMMYFUNCTION("""COMPUTED_VALUE"""),"MDN PT3 P1I1 PER-FA JAMBUR PULAU") -> MDN PT3 P1I1 PER-FA JAMBUR PULAU | D22: =IFERROR(__xludf.DUMMYFUNCTION("""COMPUTED_VALUE"""),"REGIONAL I") -> REGIONAL I | E22: =IFERROR(__xludf.DUMMYFUNCTION("""COMPUTED_VALUE"""),"MEDAN") -> MEDAN | F22: =IFERROR(__xludf.DUMMYFUNCTION("""COMPUTED_VALUE"""),"PER") -> PER | G22: =IFERROR(__xludf.DUMMYFUNCTION("""COMPUTED_VALUE"""),"SUMBAGUT") -> SUMBAGUT | H22: =IFERROR(__xludf.DUMMYFUNCTION("""COMPUTED_VALUE"""),"PEMATANG SIANTAR") -> PEMATANG SIANTAR | I22: =IFERROR(__xludf.DUMMYFUNCTION("""COMPUTED_VALUE"""),"Batch 1") -> Batch 1 | J22: =IFERROR(__xludf.DUMMYFUNCTION("""COMPUTED_VALUE"""),8.0) -> 8 | K22: =IFERROR(__xludf.DUMMYFUNCTION("""COMPUTED_VALUE"""),64.0) -> 64 | L22: =IFERROR(__xludf.DUMMYFUNCTION("""COMPUTED_VALUE"""),1110490.0) -> 1110490 | M22: =IFERROR(__xludf.DUMMYFUNCTION("""COMPUTED_VALUE"""),7.107135E7) -> 71071350 | N22: =IFERROR(__xludf.DUMMYFUNCTION("""COMPUTED_VALUE"""),"PT INNANDA INDAH") -> PT INNANDA INDAH | O22: =IFERROR(__xludf.DUMMYFUNCTION("""COMPUTED_VALUE"""),"3. PERIZINAN") -> 3. PERIZINAN | P22: =IFERROR(__xludf.DUMMYFUNCTION("""COMPUTED_VALUE"""),"3.9 Izin Kades / Lurah / RTRW") -> 3.9 Izin Kades / Lurah / RTRW | Q22: =IFERROR(__xludf.DUMMYFUNCTION("""COMPUTED_VALUE"""),"20/04 komitmen perizinan 21/04 14/04 Redesain done , proses perijinan 09/02 feeder ok, dist sisa 4 core tdk tembus (07/01) Persiapan") -> 20/04 komitmen perizinan 21/04 14/04 Redesain done , proses perijinan 09/02 feeder ok, dist sisa 4 core tdk tembus (07/01) Persiapan | X22: =IFERROR(__xludf.DUMMYFUNCTION("""COMPUTED_VALUE"""),"BELUM GOLIVE") -> BELUM GOLIVE | Z22: =IFERROR(__xludf.DUMMYFUNCTION("""COMPUTED_VALUE"""),"#N/A") -> #N/A | AI22: =IF(OR(R22="",AE22=""),"",R22-AE22) | AJ22: =if(AI22>=0,"not yet","lewat komitmen") -> not yet | AR22: 16 | AS22: 2026 | AT22: 11198055 | AU22: RKP PT3 TSEL TJT-FG JL. JEND SUDIRMAN | AV22: REGIONAL I | AW22: =xlookup(AX22,BANTU!B:B,BANTU!A:A) -> BATAM | AX22: TJT | AY22: SUMBAGTENG | AZ22: BATAM | BA22: Batch 2 | BB22: 6 | BC22: 48 | BD22: PT MITRA AKSES INSANI | BE22: 5. INSTALASI | BF22: 5.6 Proses Penarikan Kabel | BG22: 26/02 Tanam tiang DONE, proses tarik kabel tim serial. 13/02 Jadwal kapal ke pulau tanjung batu di hari rabu, karena kapal hari minggu sudah penuh. 09/02 LOP belum di survey oleh mitra, komitmen terakhi hari minggu tgl 8 feb tim berangkat ke pulau tanjung batu. 29/01 mitra MAI sudah acc dan plan survey senin 2 Februari. 21/01 Plan anwijzing Lokasi di pulau outer Tanjung batu | BH22: MARET | BI22: 46090
A23: =IFERROR(__xludf.DUMMYFUNCTION("""COMPUTED_VALUE"""),2026.0) -> 2026 | B23: =IFERROR(__xludf.DUMMYFUNCTION("""COMPUTED_VALUE"""),1.1556519E7) -> 11556519 | C23: =IFERROR(__xludf.DUMMYFUNCTION("""COMPUTED_VALUE"""),"BBL PT3 Perumahan Dusun Pancur") -> BBL PT3 Perumahan Dusun Pancur | D23: =IFERROR(__xludf.DUMMYFUNCTION("""COMPUTED_VALUE"""),"REGIONAL I") -> REGIONAL I | E23: =IFERROR(__xludf.DUMMYFUNCTION("""COMPUTED_VALUE"""),"BABEL") -> BABEL | F23: =IFERROR(__xludf.DUMMYFUNCTION("""COMPUTED_VALUE"""),"MGR") -> MGR | G23: =IFERROR(__xludf.DUMMYFUNCTION("""COMPUTED_VALUE"""),"SUMBAGSEL") -> SUMBAGSEL | H23: =IFERROR(__xludf.DUMMYFUNCTION("""COMPUTED_VALUE"""),"PANGKAL PINANG") -> PANGKAL PINANG | I23: =IFERROR(__xludf.DUMMYFUNCTION("""COMPUTED_VALUE"""),"Batch 1") -> Batch 1 | J23: =IFERROR(__xludf.DUMMYFUNCTION("""COMPUTED_VALUE"""),3.0) -> 3 | K23: =IFERROR(__xludf.DUMMYFUNCTION("""COMPUTED_VALUE"""),24.0) -> 24 | L23: =IFERROR(__xludf.DUMMYFUNCTION("""COMPUTED_VALUE"""),945353.0) -> 945353 | M23: =IFERROR(__xludf.DUMMYFUNCTION("""COMPUTED_VALUE"""),2.2688454E7) -> 22688454 | N23: =IFERROR(__xludf.DUMMYFUNCTION("""COMPUTED_VALUE"""),"PT BAYUMI CAHAYA NUSANTARA") -> PT BAYUMI CAHAYA NUSANTARA | O23: =IFERROR(__xludf.DUMMYFUNCTION("""COMPUTED_VALUE"""),"0. DROP") -> 0. DROP | P23: =IFERROR(__xludf.DUMMYFUNCTION("""COMPUTED_VALUE"""),"0.1 Double Order") -> 0.1 Double Order | Q23: =IFERROR(__xludf.DUMMYFUNCTION("""COMPUTED_VALUE"""),"(12/01) Drop Order Double (Karena sudah masuk ke BBL PT3 P3I2 PERUMAHAN DUSUN PANCUR 11986565 )(07/1) ORDER JPP BATTCH 1 2026") -> (12/01) Drop Order Double (Karena sudah masuk ke BBL PT3 P3I2 PERUMAHAN DUSUN PANCUR 11986565 )(07/1) ORDER JPP BATTCH 1 2026 | X23: =IFERROR(__xludf.DUMMYFUNCTION("""COMPUTED_VALUE"""),"BELUM GOLIVE") -> BELUM GOLIVE | Z23: =IFERROR(__xludf.DUMMYFUNCTION("""COMPUTED_VALUE"""),"#N/A") -> #N/A | AF23: =IFERROR(__xludf.DUMMYFUNCTION("""COMPUTED_VALUE"""),"Draft BA DROP") -> Draft BA DROP | AI23: =IF(OR(R23="",AE23=""),"",R23-AE23) | AJ23: =if(AI23>=0,"not yet","lewat komitmen") -> not yet | AR23: 17 | AS23: 2026 | AT23: 11297609 | AU23: RDR BGU PT3 P1I1 Jl.LintasSumatraBalam | AV23: REGIONAL I | AW23: =xlookup(AX23,BANTU!B:B,BANTU!A:A) -> DUMAI | AX23: BGU | AY23: SUMBAGTENG | AZ23: DUMAI | BA23: Batch 2 | BB23: 55 | BC23: 432 | BD23: PT ALAM UTAMA MULIA | BE23: 6. FINISH INSTALASI | BF23: 6.5 Proses Valins | BG23: 04/03 Proses Valins 12/02 Menunggu Mini OLT UJT515 29/01 Terminasi ODP 20/01 Pemasangan odp (07/01) Persiapan | BH23: MARET | BI23: 46091 | BJ23: 46093 | BK23: GOLIVE | BL23: 536
A24: =IFERROR(__xludf.DUMMYFUNCTION("""COMPUTED_VALUE"""),2026.0) -> 2026 | B24: =IFERROR(__xludf.DUMMYFUNCTION("""COMPUTED_VALUE"""),1.1556495E7) -> 11556495 | C24: =IFERROR(__xludf.DUMMYFUNCTION("""COMPUTED_VALUE"""),"BBL PT3 Gang Jl Merdeka Gantung") -> BBL PT3 Gang Jl Merdeka Gantung | D24: =IFERROR(__xludf.DUMMYFUNCTION("""COMPUTED_VALUE"""),"REGIONAL I") -> REGIONAL I | E24: =IFERROR(__xludf.DUMMYFUNCTION("""COMPUTED_VALUE"""),"BABEL") -> BABEL | F24: =IFERROR(__xludf.DUMMYFUNCTION("""COMPUTED_VALUE"""),"MGR") -> MGR | G24: =IFERROR(__xludf.DUMMYFUNCTION("""COMPUTED_VALUE"""),"SUMBAGSEL") -> SUMBAGSEL | H24: =IFERROR(__xludf.DUMMYFUNCTION("""COMPUTED_VALUE"""),"PANGKAL PINANG") -> PANGKAL PINANG | I24: =IFERROR(__xludf.DUMMYFUNCTION("""COMPUTED_VALUE"""),"Batch 1") -> Batch 1 | J24: =IFERROR(__xludf.DUMMYFUNCTION("""COMPUTED_VALUE"""),4.0) -> 4 | K24: =IFERROR(__xludf.DUMMYFUNCTION("""COMPUTED_VALUE"""),32.0) -> 32 | L24: =IFERROR(__xludf.DUMMYFUNCTION("""COMPUTED_VALUE"""),925395.0) -> 925395 | M24: =IFERROR(__xludf.DUMMYFUNCTION("""COMPUTED_VALUE"""),2.9612617E7) -> 29612617 | N24: =IFERROR(__xludf.DUMMYFUNCTION("""COMPUTED_VALUE"""),"PT SARANA MITRA PERSADA") -> PT SARANA MITRA PERSADA | O24: =IFERROR(__xludf.DUMMYFUNCTION("""COMPUTED_VALUE"""),"0. DROP") -> 0. DROP | P24: =IFERROR(__xludf.DUMMYFUNCTION("""COMPUTED_VALUE"""),"0.1 Double Order") -> 0.1 Double Order | Q24: =IFERROR(__xludf.DUMMYFUNCTION("""COMPUTED_VALUE"""),"3/3 drop karena terdapat lop eksisting sejalur (16/2 belum iterasi TSEL , pic tsel masuk RS belum ada est kapan eval review ulang (13/2) menunggu jadwal Iterasi bersama TSEL (6/2) SUDAH ANWIJIZING , BLM ITERASI (28/1)sudah anwijzing , perlu iterasi ulang "&"dengan tsel karena ada perubahan desain (12/01) Menunggu Iterasi ED dan Tsel (07/1) ORDER JPP BATTCH 1 2026") -> 3/3 drop karena terdapat lop eksisting sejalur (16/2 belum iterasi TSEL , pic tsel masuk RS belum ada est kapan eval review ulang (13/2) menunggu jadwal Iterasi bersama TSEL (6/2) SUDAH ANWIJIZING , BLM ITERASI (28/1)sudah anwijzing , perlu iterasi ulang dengan tsel karena ada perubahan desain (12/01) Menunggu Iterasi ED dan Tsel (07/1) ORDER JPP BATTCH 1 2026 | X24: =IFERROR(__xludf.DUMMYFUNCTION("""COMPUTED_VALUE"""),"BELUM GOLIVE") -> BELUM GOLIVE | Z24: =IFERROR(__xludf.DUMMYFUNCTION("""COMPUTED_VALUE"""),"#N/A") -> #N/A | AF24: =IFERROR(__xludf.DUMMYFUNCTION("""COMPUTED_VALUE"""),"Draft BA DROP") -> Draft BA DROP | AI24: =IF(OR(R24="",AE24=""),"",R24-AE24) | AJ24: =if(AI24>=0,"not yet","lewat komitmen") -> not yet | AR24: 18 | AS24: 2026 | AT24: 11425832 | AU24: RDR UBT PT3 P1I1 UBT FT | AV24: REGIONAL I | AW24: =xlookup(AX24,BANTU!B:B,BANTU!A:A) -> DUMAI | AX24: UBT | AY24: SUMBAGTENG | AZ24: DUMAI | BA24: Batch 2 | BB24: 5 | BC24: 40 | BD24: PT TRI LESMA INDONESIA | BE24: 5. INSTALASI | BF24: 5.9 Proses Pemasangan/Terminasi ODP/OTB | BG24: 10/02 Pemasangan ODP 29/01 Terminasi ODP 20/01 Pemasangan odp (07/01) Persiapan | BH24: MARET | BI24: 46091
A25: =IFERROR(__xludf.DUMMYFUNCTION("""COMPUTED_VALUE"""),2026.0) -> 2026 | B25: =IFERROR(__xludf.DUMMYFUNCTION("""COMPUTED_VALUE"""),1.1533341E7) -> 11533341 | C25: =IFERROR(__xludf.DUMMYFUNCTION("""COMPUTED_VALUE"""),"BBL PT3 BELITUNG HIJAU 2") -> BBL PT3 BELITUNG HIJAU 2 | D25: =IFERROR(__xludf.DUMMYFUNCTION("""COMPUTED_VALUE"""),"REGIONAL I") -> REGIONAL I | E25: =IFERROR(__xludf.DUMMYFUNCTION("""COMPUTED_VALUE"""),"BABEL") -> BABEL | F25: =IFERROR(__xludf.DUMMYFUNCTION("""COMPUTED_VALUE"""),"TJN") -> TJN | G25: =IFERROR(__xludf.DUMMYFUNCTION("""COMPUTED_VALUE"""),"SUMBAGSEL") -> SUMBAGSEL | H25: =IFERROR(__xludf.DUMMYFUNCTION("""COMPUTED_VALUE"""),"PANGKAL PINANG") -> PANGKAL PINANG | I25: =IFERROR(__xludf.DUMMYFUNCTION("""COMPUTED_VALUE"""),"Batch 1") -> Batch 1 | J25: =IFERROR(__xludf.DUMMYFUNCTION("""COMPUTED_VALUE"""),4.0) -> 4 | K25: =IFERROR(__xludf.DUMMYFUNCTION("""COMPUTED_VALUE"""),32.0) -> 32 | L25: =IFERROR(__xludf.DUMMYFUNCTION("""COMPUTED_VALUE"""),781466.0) -> 781466 | M25: =IFERROR(__xludf.DUMMYFUNCTION("""COMPUTED_VALUE"""),2.5006905E7) -> 25006905 | N25: =IFERROR(__xludf.DUMMYFUNCTION("""COMPUTED_VALUE"""),"PT SARANA MITRA PERSADA") -> PT SARANA MITRA PERSADA | O25: =IFERROR(__xludf.DUMMYFUNCTION("""COMPUTED_VALUE"""),"0. DROP") -> 0. DROP | P25: =IFERROR(__xludf.DUMMYFUNCTION("""COMPUTED_VALUE"""),"0.1 Double Order") -> 0.1 Double Order | Q25: =IFERROR(__xludf.DUMMYFUNCTION("""COMPUTED_VALUE"""),"(12/01) Drop Order Double (Karena Sudah masuk ke BBL PT3 P3I4 BELITUNG HIJAU 2 12205486 ) (07/1) ORDER JPP BATTCH 1 2026") -> (12/01) Drop Order Double (Karena Sudah masuk ke BBL PT3 P3I4 BELITUNG HIJAU 2 12205486 ) (07/1) ORDER JPP BATTCH 1 2026 | X25: =IFERROR(__xludf.DUMMYFUNCTION("""COMPUTED_VALUE"""),"BELUM GOLIVE") -> BELUM GOLIVE | Z25: =IFERROR(__xludf.DUMMYFUNCTION("""COMPUTED_VALUE"""),"#N/A") -> #N/A | AF25: =IFERROR(__xludf.DUMMYFUNCTION("""COMPUTED_VALUE"""),"Draft BA DROP") -> Draft BA DROP | AI25: =IF(OR(R25="",AE25=""),"",R25-AE25) | AJ25: =if(AI25>=0,"not yet","lewat komitmen") -> not yet | AR25: 19 | AS25: 2026 | AT25: 11284494 | AU25: RDR JPP PT3 JL BANGUN JINAWI | AV25: REGIONAL I | AW25: =xlookup(AX25,BANTU!B:B,BANTU!A:A) -> DUMAI | AX25: DUM | AY25: SUMBAGTENG | AZ25: DUMAI | BA25: Batch 3 | BB25: 7 | BC25: 56 | BD25: PT DWI MITRA JAYA UTAMA | BE25: 6. FINISH INSTALASI | BF25: 6.5 Proses Valins | BG25: 12/02 Proses Vallins 29/01 Menunggu tim utk valins 22/01 Jumper dan valins | BH25: MARET | BI25: 46091
A26: =IFERROR(__xludf.DUMMYFUNCTION("""COMPUTED_VALUE"""),2026.0) -> 2026 | B26: =IFERROR(__xludf.DUMMYFUNCTION("""COMPUTED_VALUE"""),1.1533399E7) -> 11533399 | C26: =IFERROR(__xludf.DUMMYFUNCTION("""COMPUTED_VALUE"""),"MDN PT3 PRT-FA JL.SIDODADI") -> MDN PT3 PRT-FA JL.SIDODADI | D26: =IFERROR(__xludf.DUMMYFUNCTION("""COMPUTED_VALUE"""),"REGIONAL I") -> REGIONAL I | E26: =IFERROR(__xludf.DUMMYFUNCTION("""COMPUTED_VALUE"""),"MEDAN") -> MEDAN | F26: =IFERROR(__xludf.DUMMYFUNCTION("""COMPUTED_VALUE"""),"PRT") -> PRT | G26: =IFERROR(__xludf.DUMMYFUNCTION("""COMPUTED_VALUE"""),"SUMBAGUT") -> SUMBAGUT | H26: =IFERROR(__xludf.DUMMYFUNCTION("""COMPUTED_VALUE"""),"MEDAN") -> MEDAN | I26: =IFERROR(__xludf.DUMMYFUNCTION("""COMPUTED_VALUE"""),"Batch 1") -> Batch 1 | J26: =IFERROR(__xludf.DUMMYFUNCTION("""COMPUTED_VALUE"""),5.0) -> 5 | K26: =IFERROR(__xludf.DUMMYFUNCTION("""COMPUTED_VALUE"""),40.0) -> 40 | L26: =IFERROR(__xludf.DUMMYFUNCTION("""COMPUTED_VALUE"""),1083939.0) -> 1083939 | M26: =IFERROR(__xludf.DUMMYFUNCTION("""COMPUTED_VALUE"""),4.3357538E7) -> 43357538 | N26: =IFERROR(__xludf.DUMMYFUNCTION("""COMPUTED_VALUE"""),"PT BENWA MITRA PRATAMA") -> PT BENWA MITRA PRATAMA | O26: =IFERROR(__xludf.DUMMYFUNCTION("""COMPUTED_VALUE"""),"7. GOLIVE") -> 7. GOLIVE | P26: =IFERROR(__xludf.DUMMYFUNCTION("""COMPUTED_VALUE"""),"7.2 Golive Full / OA / DONE OTB") -> 7.2 Golive Full / OA / DONE OTB | Q26: =IFERROR(__xludf.DUMMYFUNCTION("""COMPUTED_VALUE"""),"03/02 done abd 22/02 Pemasangan ODP 14/02 Penarikan DS 1700m 06/02 Matdel 02/02 Feeder OK, lanjut perizinan") -> 03/02 done abd 22/02 Pemasangan ODP 14/02 Penarikan DS 1700m 06/02 Matdel 02/02 Feeder OK, lanjut perizinan | R26: =IFERROR(__xludf.DUMMYFUNCTION("""COMPUTED_VALUE"""),46083.0) -> 46083 | S26: =IFERROR(__xludf.DUMMYFUNCTION("""COMPUTED_VALUE"""),"MAR") -> MAR | U26: =IFERROR(__xludf.DUMMYFUNCTION("""COMPUTED_VALUE"""),"W01-232/2026") -> W01-232/2026 | X26: =IFERROR(__xludf.DUMMYFUNCTION("""COMPUTED_VALUE"""),"GOLIVE") -> GOLIVE | Y26: =IFERROR(__xludf.DUMMYFUNCTION("""COMPUTED_VALUE"""),"DONE") -> DONE | Z26: =IFERROR(__xludf.DUMMYFUNCTION("""COMPUTED_VALUE"""),"#N/A") -> #N/A | AA26: =IFERROR(__xludf.DUMMYFUNCTION("""COMPUTED_VALUE"""),5.0) -> 5 | AC26: =IFERROR(__xludf.DUMMYFUNCTION("""COMPUTED_VALUE"""),"9166306#9166311") -> 9166306#9166311 | AD26: =IFERROR(__xludf.DUMMYFUNCTION("""COMPUTED_VALUE"""),40.0) -> 40 | AE26: =IFERROR(__xludf.DUMMYFUNCTION("""COMPUTED_VALUE"""),46083.0) -> 46083 | AH26: 46083 | AI26: =IF(OR(R26="",AE26=""),"",R26-AE26) -> 0 | AJ26: =if(AI26>=0,"not yet","lewat komitmen") -> not yet | AR26: 20 | AS26: 2026 | AT26: 11516615 | AU26: RKP PT3 TSEL BDS-FQ TIBAN GEMILANG | AV26: REGIONAL I | AW26: =xlookup(AX26,BANTU!B:B,BANTU!A:A) -> BATAM | AX26: DGS | AY26: SUMBAGTENG | AZ26: BATAM | BA26: Batch 2 | BB26: 1 | BC26: 8 | BD26: PT MITRA SETIA INDONESIA | BE26: 5. INSTALASI | BF26: 5.9 Proses Pemasangan/Terminasi ODP/OTB | BG26: 27/02 Terminasi ODP. 12/02 Proses req material. 09/02 Core dist dan feeder OK, proses perizinan. 28/01 Plan survey 29 Jan. 21/01 plan survey minggu depan tgl 26 | BH26: MARET | BI26: 46091
A27: =IFERROR(__xludf.DUMMYFUNCTION("""COMPUTED_VALUE"""),2026.0) -> 2026 | B27: =IFERROR(__xludf.DUMMYFUNCTION("""COMPUTED_VALUE"""),1.1618227E7) -> 11618227 | C27: =IFERROR(__xludf.DUMMYFUNCTION("""COMPUTED_VALUE"""),"MDN PT3 GLG-FH DS PERTUMBUKAN 2_MD25") -> MDN PT3 GLG-FH DS PERTUMBUKAN 2_MD25 | D27: =IFERROR(__xludf.DUMMYFUNCTION("""COMPUTED_VALUE"""),"REGIONAL I") -> REGIONAL I | E27: =IFERROR(__xludf.DUMMYFUNCTION("""COMPUTED_VALUE"""),"MEDAN") -> MEDAN | F27: =IFERROR(__xludf.DUMMYFUNCTION("""COMPUTED_VALUE"""),"GLG") -> GLG | G27: =IFERROR(__xludf.DUMMYFUNCTION("""COMPUTED_VALUE"""),"SUMBAGUT") -> SUMBAGUT | H27: =IFERROR(__xludf.DUMMYFUNCTION("""COMPUTED_VALUE"""),"MEDAN") -> MEDAN | I27: =IFERROR(__xludf.DUMMYFUNCTION("""COMPUTED_VALUE"""),"Batch 1") -> Batch 1 | J27: =IFERROR(__xludf.DUMMYFUNCTION("""COMPUTED_VALUE"""),8.0) -> 8 | K27: =IFERROR(__xludf.DUMMYFUNCTION("""COMPUTED_VALUE"""),64.0) -> 64 | L27: =IFERROR(__xludf.DUMMYFUNCTION("""COMPUTED_VALUE"""),1097517.0) -> 1097517 | M27: =IFERROR(__xludf.DUMMYFUNCTION("""COMPUTED_VALUE"""),7.0241068E7) -> 70241068 | N27: =IFERROR(__xludf.DUMMYFUNCTION("""COMPUTED_VALUE"""),"PT NIAGA NUSANTARA DIVA") -> PT NIAGA NUSANTARA DIVA | O27: =IFERROR(__xludf.DUMMYFUNCTION("""COMPUTED_VALUE"""),"2. DONE AANWIJZING") -> 2. DONE AANWIJZING | P27: =IFERROR(__xludf.DUMMYFUNCTION("""COMPUTED_VALUE"""),"2.10 Kendala - Feeder Rusak") -> 2.10 Kendala - Feeder Rusak | Q27: =IFERROR(__xludf.DUMMYFUNCTION("""COMPUTED_VALUE"""),"20/04 pengecekan tipus/butuh qe 05/02 feeder loss/rusak (07/01) Persiapan") -> 20/04 pengecekan tipus/butuh qe 05/02 feeder loss/rusak (07/01) Persiapan | X27: =IFERROR(__xludf.DUMMYFUNCTION("""COMPUTED_VALUE"""),"BELUM GOLIVE") -> BELUM GOLIVE | Z27: =IFERROR(__xludf.DUMMYFUNCTION("""COMPUTED_VALUE"""),"#N/A") -> #N/A | AI27: =IF(OR(R27="",AE27=""),"",R27-AE27) | AJ27: =if(AI27>=0,"not yet","lewat komitmen") -> not yet | AR27: 21 | AS27: 2026 | AT27: 12874033 | AU27: SMB PT3-LBS-FD SMB STTF KP. MELAYU | AV27: REGIONAL I | AW27: =xlookup(AX27,BANTU!B:B,BANTU!A:A) -> BUKIT TINGGI | AX27: LBS | AY27: SUMBAGTENG | AZ27: BUKIT TINGGI | BA27: Batch 3 | BB27: 3 | BC27: 24 | BD27: PT GARINDO TECHNO MANDIRI | BE27: 5. INSTALASI | BF27: 5.1 Progress kendala Comcase | BG27: (05/03) terminasi ODP, menunggu dana comcase (02/03) penyerahan dana comcase HI, dan lanjut instalasi (18/02) tanam tiang PLan FI 20/02 (05/02) proses tanam tiang (29/01) proses create PID (21/01) proses aanwijziing (07/01) Persiapan | BH27: MARET | BI27: 46092 | BJ27: 46097 | BL27: 144
A28: =IFERROR(__xludf.DUMMYFUNCTION("""COMPUTED_VALUE"""),2026.0) -> 2026 | B28: =IFERROR(__xludf.DUMMYFUNCTION("""COMPUTED_VALUE"""),1.1858941E7) -> 11858941 | C28: =IFERROR(__xludf.DUMMYFUNCTION("""COMPUTED_VALUE"""),"MDN PT3 BJI-FNA DELI SERDANG_167539") -> MDN PT3 BJI-FNA DELI SERDANG_167539 | D28: =IFERROR(__xludf.DUMMYFUNCTION("""COMPUTED_VALUE"""),"REGIONAL I") -> REGIONAL I | E28: =IFERROR(__xludf.DUMMYFUNCTION("""COMPUTED_VALUE"""),"MEDAN") -> MEDAN | F28: =IFERROR(__xludf.DUMMYFUNCTION("""COMPUTED_VALUE"""),"BJI") -> BJI | G28: =IFERROR(__xludf.DUMMYFUNCTION("""COMPUTED_VALUE"""),"SUMBAGUT") -> SUMBAGUT | H28: =IFERROR(__xludf.DUMMYFUNCTION("""COMPUTED_VALUE"""),"BINJAI") -> BINJAI | I28: =IFERROR(__xludf.DUMMYFUNCTION("""COMPUTED_VALUE"""),"Batch 1") -> Batch 1 | J28: =IFERROR(__xludf.DUMMYFUNCTION("""COMPUTED_VALUE"""),3.0) -> 3 | K28: =IFERROR(__xludf.DUMMYFUNCTION("""COMPUTED_VALUE"""),24.0) -> 24 | L28: =IFERROR(__xludf.DUMMYFUNCTION("""COMPUTED_VALUE"""),767847.0) -> 767847 | M28: =IFERROR(__xludf.DUMMYFUNCTION("""COMPUTED_VALUE"""),1.8428321E7) -> 18428321 | N28: =IFERROR(__xludf.DUMMYFUNCTION("""COMPUTED_VALUE"""),"PT KENCANA RAYA INDONESIA") -> PT KENCANA RAYA INDONESIA | O28: =IFERROR(__xludf.DUMMYFUNCTION("""COMPUTED_VALUE"""),"2. DONE AANWIJZING") -> 2. DONE AANWIJZING | P28: =IFERROR(__xludf.DUMMYFUNCTION("""COMPUTED_VALUE"""),"2.10 Kendala - Feeder Rusak") -> 2.10 Kendala - Feeder Rusak | Q28: =IFERROR(__xludf.DUMMYFUNCTION("""COMPUTED_VALUE"""),"16/02 feeder redaman tinggi (07/01) Persiapan 18/09 MENUNGGU PROJECT MDN PT4 P1I1 BJI-FNA JL.MELATI SIDOMULYO") -> 16/02 feeder redaman tinggi (07/01) Persiapan 18/09 MENUNGGU PROJECT MDN PT4 P1I1 BJI-FNA JL.MELATI SIDOMULYO | X28: =IFERROR(__xludf.DUMMYFUNCTION("""COMPUTED_VALUE"""),"BELUM GOLIVE") -> BELUM GOLIVE | Z28: =IFERROR(__xludf.DUMMYFUNCTION("""COMPUTED_VALUE"""),"#N/A") -> #N/A | AI28: =IF(OR(R28="",AE28=""),"",R28-AE28) | AJ28: =if(AI28>=0,"not yet","lewat komitmen") -> not yet | AR28: 22 | AS28: 2026 | AT28: 12528409 | AU28: RKP TSEL PT3 SLU-FBQ 250_463_4012 | AV28: REGIONAL I | AW28: =xlookup(AX28,BANTU!B:B,BANTU!A:A) -> BATAM | AX28: SLU | AY28: SUMBAGTENG | AZ28: BATAM | BA28: Batch 2 | BB28: 1 | BC28: 8 | BD28: PT MITRA HOSINDO SEJAHTERA | BE28: 4. MATDEL | BF28: 4.1 Belum Request Material (Alista) | BG28: 16/02 Penarikan di Tiang eksisting, namun warga meminta tetap izin dahulu ke RT. 11/02 Done survey. izin OK. 09/02 sudah anwijzing dan perizinan, plan pembuatan BOQ dan KML survey. 29/01 anwijzing OK, proses perizinan. 28/01 Plan survey HI.. 21/01 plansurvey 28 Jan | BH28: MARET | BI28: 46092 | BO28: BRANCH FMC | BP28: SUM of ODP PLAN | BQ28: SUM of PORT PLAN
A29: =IFERROR(__xludf.DUMMYFUNCTION("""COMPUTED_VALUE"""),2026.0) -> 2026 | B29: =IFERROR(__xludf.DUMMYFUNCTION("""COMPUTED_VALUE"""),1.1867969E7) -> 11867969 | C29: =IFERROR(__xludf.DUMMYFUNCTION("""COMPUTED_VALUE"""),"MDN PT3 GLG-FF JL.KARYA_MD25") -> MDN PT3 GLG-FF JL.KARYA_MD25 | D29: =IFERROR(__xludf.DUMMYFUNCTION("""COMPUTED_VALUE"""),"REGIONAL I") -> REGIONAL I | E29: =IFERROR(__xludf.DUMMYFUNCTION("""COMPUTED_VALUE"""),"MEDAN") -> MEDAN | F29: =IFERROR(__xludf.DUMMYFUNCTION("""COMPUTED_VALUE"""),"GLG") -> GLG | G29: =IFERROR(__xludf.DUMMYFUNCTION("""COMPUTED_VALUE"""),"SUMBAGUT") -> SUMBAGUT | H29: =IFERROR(__xludf.DUMMYFUNCTION("""COMPUTED_VALUE"""),"MEDAN") -> MEDAN | I29: =IFERROR(__xludf.DUMMYFUNCTION("""COMPUTED_VALUE"""),"Batch 1") -> Batch 1 | J29: =IFERROR(__xludf.DUMMYFUNCTION("""COMPUTED_VALUE"""),2.0) -> 2 | K29: =IFERROR(__xludf.DUMMYFUNCTION("""COMPUTED_VALUE"""),16.0) -> 16 | L29: =IFERROR(__xludf.DUMMYFUNCTION("""COMPUTED_VALUE"""),487299.0) -> 487299 | M29: =IFERROR(__xludf.DUMMYFUNCTION("""COMPUTED_VALUE"""),7796773.0) -> 7796773 | N29: =IFERROR(__xludf.DUMMYFUNCTION("""COMPUTED_VALUE"""),"PT NIAGA NUSANTARA DIVA") -> PT NIAGA NUSANTARA DIVA | O29: =IFERROR(__xludf.DUMMYFUNCTION("""COMPUTED_VALUE"""),"2. DONE AANWIJZING") -> 2. DONE AANWIJZING | P29: =IFERROR(__xludf.DUMMYFUNCTION("""COMPUTED_VALUE"""),"2.10 Kendala - Feeder Rusak") -> 2.10 Kendala - Feeder Rusak | Q29: =IFERROR(__xludf.DUMMYFUNCTION("""COMPUTED_VALUE"""),"20/04 pengecekan tipus/butuh qe 12/02 Feeder redti (07/01) Persiapan") -> 20/04 pengecekan tipus/butuh qe 12/02 Feeder redti (07/01) Persiapan | X29: =IFERROR(__xludf.DUMMYFUNCTION("""COMPUTED_VALUE"""),"BELUM GOLIVE") -> BELUM GOLIVE | Z29: =IFERROR(__xludf.DUMMYFUNCTION("""COMPUTED_VALUE"""),"#N/A") -> #N/A | AI29: =IF(OR(R29="",AE29=""),"",R29-AE29) | AJ29: =if(AI29>=0,"not yet","lewat komitmen") -> not yet | AR29: 23 | AS29: 2026 | AT29: 11197890 | AU29: RKP PT3 TSEL TJT-FH JL SUNARYO | AV29: REGIONAL I | AW29: =xlookup(AX29,BANTU!B:B,BANTU!A:A) -> BATAM | AX29: TJT | AY29: SUMBAGTENG | AZ29: BATAM | BA29: Batch 2 | BB29: 10 | BC29: 80 | BD29: PT MITRA AKSES INSANI | BE29: 5. INSTALASI | BF29: 5.6 Proses Penarikan Kabel | BG29: 26/02 Tanam tiang DONE, proses tarik kabel tim serial. 13/02 Jadwal kapal ke pulau tanjung batu di hari rabu, karena kapal hari minggu sudah penuh. 09/02 LOP belum di survey oleh mitra, komitmen terakhi hari minggu tgl 8 feb tim berangkat ke pulau tanjung batu. 29/01 mitra MAI sudah acc dan plan survey senin 2 Februari. 21/01 Plan anwijzing Lokasi di pulau outer Tanjung batu | BH29: MARET | BI29: 46092 | BO29: BATAM | BP29: 11 | BQ29: 88
A30: =IFERROR(__xludf.DUMMYFUNCTION("""COMPUTED_VALUE"""),2026.0) -> 2026 | B30: =IFERROR(__xludf.DUMMYFUNCTION("""COMPUTED_VALUE"""),1.1909792E7) -> 11909792 | C30: =IFERROR(__xludf.DUMMYFUNCTION("""COMPUTED_VALUE"""),"SMU PT3 RAP-FAE D11 CLUST JL. PAINDOAN 2") -> SMU PT3 RAP-FAE D11 CLUST JL. PAINDOAN 2 | D30: =IFERROR(__xludf.DUMMYFUNCTION("""COMPUTED_VALUE"""),"REGIONAL I") -> REGIONAL I | E30: =IFERROR(__xludf.DUMMYFUNCTION("""COMPUTED_VALUE"""),"SUMUT") -> SUMUT | F30: =IFERROR(__xludf.DUMMYFUNCTION("""COMPUTED_VALUE"""),"RAP") -> RAP | G30: =IFERROR(__xludf.DUMMYFUNCTION("""COMPUTED_VALUE"""),"SUMBAGUT") -> SUMBAGUT | H30: =IFERROR(__xludf.DUMMYFUNCTION("""COMPUTED_VALUE"""),"RANTAU PRAPAT") -> RANTAU PRAPAT | I30: =IFERROR(__xludf.DUMMYFUNCTION("""COMPUTED_VALUE"""),"Batch 1") -> Batch 1 | J30: =IFERROR(__xludf.DUMMYFUNCTION("""COMPUTED_VALUE"""),5.0) -> 5 | K30: =IFERROR(__xludf.DUMMYFUNCTION("""COMPUTED_VALUE"""),40.0) -> 40 | L30: =IFERROR(__xludf.DUMMYFUNCTION("""COMPUTED_VALUE"""),427067.0) -> 427067 | M30: =IFERROR(__xludf.DUMMYFUNCTION("""COMPUTED_VALUE"""),1.7082647E7) -> 17082647 | N30: =IFERROR(__xludf.DUMMYFUNCTION("""COMPUTED_VALUE"""),"PT FIBERHOME TECHNOLOGIES INDONESIA") -> PT FIBERHOME TECHNOLOGIES INDONESIA | O30: =IFERROR(__xludf.DUMMYFUNCTION("""COMPUTED_VALUE"""),"8. UJI TERIMA") -> 8. UJI TERIMA | P30: =IFERROR(__xludf.DUMMYFUNCTION("""COMPUTED_VALUE"""),"8.1 Proses UT") -> 8.1 Proses UT | Q30: =IFERROR(__xludf.DUMMYFUNCTION("""COMPUTED_VALUE"""),"23/2 validasi sdi, 20/2 proses terminasi 5 odp, plan submit abd hari ini ,18/2 terminasi 5 odp sisa 2 paralel valins, ku 12 (350 selesai, 16/2 terminasi 5 odp, ku 12 (350 selesai, 13/2 penarikan ku 12 (350 selesai) odp (5 blm ada progres), 12/2 penarikan"&" ku 12 (350 selesai) odp (5 blm ada progres), 11/2 prepair tim untuk progres di lokasi, 10/2 prepair tim untuk pengambilan material, 9/2 prepair pengiriman material kelokasi plan bsk 10/2, 6/2 prepair pengiriman matrial kelokasi, 5/2 proses input alista,"&" 3/2 menunggu req kebutuhan matrial, 2/2 menunggu req kebutuhan matrial, 1/2 menunggu req kebutuhan matrial, 30/1 menunggu req material mitra, 28/1 Proses req material , 27/1 Req material HI, 26/1 proses req matrial 23/1 menunggu report boq kml survey, "&" 22/1 menunggu report boq kml survey, 21/1 plan survey 22/1,20/1 plan survey 22/1 , 19/1 plan survey 22/1 , 15/1 plan survey 22/1 , 14/1 menunggu info mitra, 13/1 menunggu info mitra, (07/01) Persiapan") -> 23/2 validasi sdi, 20/2 proses terminasi 5 odp, plan submit abd hari ini ,18/2 terminasi 5 odp sisa 2 paralel valins, ku 12 (350 selesai, 16/2 terminasi 5 odp, ku 12 (350 selesai, 13/2 penarikan ku 12 (350 selesai) odp (5 blm ada progres), 12/2 penarikan ku 12 (350 selesai) odp (5 blm ada progres), 11/2 prepair tim untuk progres di lokasi, 10/2 prepair tim untuk pengambilan material, 9/2 prepair pengiriman material kelokasi plan bsk 10/2, 6/2 prepair pengiriman matrial kelokasi, 5/2 proses input alista, 3/2 menunggu req kebutuhan matrial, 2/2 menunggu req kebutuhan matrial, 1/2 menunggu req kebutuhan matrial, 30/1 menunggu req material mitra, 28/1 Proses req material , 27/1 Req material HI, 26/1 proses req matrial 23/1 menunggu report boq kml survey, 22/1 menunggu report boq kml survey, 21/1 plan survey 22/1,20/1 plan survey 22/1 , 19/1 plan survey 22/1 , 15/1 plan survey 22/1 , 14/1 menunggu info mitra, 13/1 menunggu info mitra, (07/01) Persiapan | R30: =IFERROR(__xludf.DUMMYFUNCTION("""COMPUTED_VALUE"""),46073.0) -> 46073 | U30: =IFERROR(__xludf.DUMMYFUNCTION("""COMPUTED_VALUE"""),"TIF-1364/2026") -> TIF-1364/2026 | X30: =IFERROR(__xludf.DUMMYFUNCTION("""COMPUTED_VALUE"""),"GOLIVE") -> GOLIVE | Y30: =IFERROR(__xludf.DUMMYFUNCTION("""COMPUTED_VALUE"""),"DONE") -> DONE | Z30: =IFERROR(__xludf.DUMMYFUNCTION("""COMPUTED_VALUE"""),"#N/A") -> #N/A | AA30: =IFERROR(__xludf.DUMMYFUNCTION("""COMPUTED_VALUE"""),5.0) -> 5 | AC30: =IFERROR(__xludf.DUMMYFUNCTION("""COMPUTED_VALUE"""),"9137356#9137361") -> 9137356#9137361 | AD30: =IFERROR(__xludf.DUMMYFUNCTION("""COMPUTED_VALUE"""),40.0) -> 40 | AE30: =IFERROR(__xludf.DUMMYFUNCTION("""COMPUTED_VALUE"""),46076.0) -> 46076 | AH30: 46073 | AI30: =IF(OR(R30="",AE30=""),"",R30-AE30) -> -3 | AJ30: =if(AI30>=0,"not yet","lewat komitmen") -> lewat komitmen | AR30: 24 | AS30: 2026 | AT30: 12828065 | AU30: SMB-PT3-ODC-PYK-FF-PYK-107920 - 158925 | AV30: REGIONAL I | AW30: =xlookup(AX30,BANTU!B:B,BANTU!A:A) -> BUKIT TINGGI | AX30: PYK | AY30: SUMBAGTENG | AZ30: BUKIT TINGGI | BA30: Batch 3 | BB30: 4 | BC30: 32 | BD30: PT TSUIKA BERKAH RAYA | BE30: 6. FINISH INSTALASI | BF30: 7.1 Golive Full | BG30: (10/03) ABD done ke SDI, Menunggu hasil UT 10/03 (05/03) proses create PID 3/3 Meeting ED1 - TAREGION - TA AREA ACC CPP Tinggi LANJUT (03/02) CPP aman, kenaikan 45% (29/01) Done aanwijziing , proses eval | BH30: MARET | BI30: 46092 | BK30: GOLIVE | BO30: BUKIT TINGGI | BP30: 14 | BQ30: 112
A31: =IFERROR(__xludf.DUMMYFUNCTION("""COMPUTED_VALUE"""),2026.0) -> 2026 | B31: =IFERROR(__xludf.DUMMYFUNCTION("""COMPUTED_VALUE"""),1.191015E7) -> 11910150 | C31: =IFERROR(__xludf.DUMMYFUNCTION("""COMPUTED_VALUE"""),"MDN PT3 BJI-FQA DELI SERDANG_150826") -> MDN PT3 BJI-FQA DELI SERDANG_150826 | D31: =IFERROR(__xludf.DUMMYFUNCTION("""COMPUTED_VALUE"""),"REGIONAL I") -> REGIONAL I | E31: =IFERROR(__xludf.DUMMYFUNCTION("""COMPUTED_VALUE"""),"MEDAN") -> MEDAN | F31: =IFERROR(__xludf.DUMMYFUNCTION("""COMPUTED_VALUE"""),"BJI") -> BJI | G31: =IFERROR(__xludf.DUMMYFUNCTION("""COMPUTED_VALUE"""),"SUMBAGUT") -> SUMBAGUT | H31: =IFERROR(__xludf.DUMMYFUNCTION("""COMPUTED_VALUE"""),"BINJAI") -> BINJAI | I31: =IFERROR(__xludf.DUMMYFUNCTION("""COMPUTED_VALUE"""),"Batch 1") -> Batch 1 | J31: =IFERROR(__xludf.DUMMYFUNCTION("""COMPUTED_VALUE"""),2.0) -> 2 | K31: =IFERROR(__xludf.DUMMYFUNCTION("""COMPUTED_VALUE"""),16.0) -> 16 | L31: =IFERROR(__xludf.DUMMYFUNCTION("""COMPUTED_VALUE"""),1151185.0) -> 1151185 | M31: =IFERROR(__xludf.DUMMYFUNCTION("""COMPUTED_VALUE"""),1.8418945E7) -> 18418945 | N31: =IFERROR(__xludf.DUMMYFUNCTION("""COMPUTED_VALUE"""),"PT FIBERHOME TECHNOLOGIES INDONESIA") -> PT FIBERHOME TECHNOLOGIES INDONESIA | O31: =IFERROR(__xludf.DUMMYFUNCTION("""COMPUTED_VALUE"""),"0. DROP") -> 0. DROP | P31: =IFERROR(__xludf.DUMMYFUNCTION("""COMPUTED_VALUE"""),"0.4 CPP Tinggi Acc ED TIF") -> 0.4 CPP Tinggi Acc ED TIF | Q31: =IFERROR(__xludf.DUMMYFUNCTION("""COMPUTED_VALUE"""),"(07/02) done permit lanjut cek alpro (07/01) Persiapan") -> (07/02) done permit lanjut cek alpro (07/01) Persiapan | X31: =IFERROR(__xludf.DUMMYFUNCTION("""COMPUTED_VALUE"""),"BELUM GOLIVE") -> BELUM GOLIVE | Z31: =IFERROR(__xludf.DUMMYFUNCTION("""COMPUTED_VALUE"""),"#N/A") -> #N/A | AF31: =IFERROR(__xludf.DUMMYFUNCTION("""COMPUTED_VALUE"""),"Draft BA DROP") -> Draft BA DROP | AI31: =IF(OR(R31="",AE31=""),"",R31-AE31) | AJ31: =if(AI31>=0,"not yet","lewat komitmen") -> not yet | AR31: 25 | AS31: 2026 | AT31: 12036733 | AU31: RDR JPP PT3 KAMPAR_64178 | AV31: REGIONAL I | AW31: =xlookup(AX31,BANTU!B:B,BANTU!A:A) -> PEKANBARU | AX31: ARK | AY31: SUMBAGTENG | AZ31: PEKANBARU | BA31: Batch 3 | BB31: 20 | BC31: 160 | BD31: PT UPAYA TEKNIK | BE31: 5. INSTALASI | BF31: 5.4 Proses Penanaman Tiang | BG31: 23/02 Penanaman tiang 09/02 Antrian Review 29/01 Antrian review hasil anwidzing | BH31: MARET | BI31: 46093 | BL31: 240 | BO31: DUMAI | BP31: 87 | BQ31: 688
A32: =IFERROR(__xludf.DUMMYFUNCTION("""COMPUTED_VALUE"""),2026.0) -> 2026 | B32: =IFERROR(__xludf.DUMMYFUNCTION("""COMPUTED_VALUE"""),1.20983E7) -> 12098300 | C32: =IFERROR(__xludf.DUMMYFUNCTION("""COMPUTED_VALUE"""),"MDN PT3 BJI-FN KOTA BINJAI_108223") -> MDN PT3 BJI-FN KOTA BINJAI_108223 | D32: =IFERROR(__xludf.DUMMYFUNCTION("""COMPUTED_VALUE"""),"REGIONAL I") -> REGIONAL I | E32: =IFERROR(__xludf.DUMMYFUNCTION("""COMPUTED_VALUE"""),"MEDAN") -> MEDAN | F32: =IFERROR(__xludf.DUMMYFUNCTION("""COMPUTED_VALUE"""),"BJI") -> BJI | G32: =IFERROR(__xludf.DUMMYFUNCTION("""COMPUTED_VALUE"""),"SUMBAGUT") -> SUMBAGUT | H32: =IFERROR(__xludf.DUMMYFUNCTION("""COMPUTED_VALUE"""),"BINJAI") -> BINJAI | I32: =IFERROR(__xludf.DUMMYFUNCTION("""COMPUTED_VALUE"""),"Batch 1") -> Batch 1 | J32: =IFERROR(__xludf.DUMMYFUNCTION("""COMPUTED_VALUE"""),2.0) -> 2 | K32: =IFERROR(__xludf.DUMMYFUNCTION("""COMPUTED_VALUE"""),16.0) -> 16 | L32: =IFERROR(__xludf.DUMMYFUNCTION("""COMPUTED_VALUE"""),725481.0) -> 725481 | M32: =IFERROR(__xludf.DUMMYFUNCTION("""COMPUTED_VALUE"""),1.160769E7) -> 11607690 | N32: =IFERROR(__xludf.DUMMYFUNCTION("""COMPUTED_VALUE"""),"PT FIBERHOME TECHNOLOGIES INDONESIA") -> PT FIBERHOME TECHNOLOGIES INDONESIA | O32: =IFERROR(__xludf.DUMMYFUNCTION("""COMPUTED_VALUE"""),"5. INSTALASI") -> 5. INSTALASI | P32: =IFERROR(__xludf.DUMMYFUNCTION("""COMPUTED_VALUE"""),"5.9 Proses Pemasangan/Terminasi ODP/OTB") -> 5.9 Proses Pemasangan/Terminasi ODP/OTB | Q32: =IFERROR(__xludf.DUMMYFUNCTION("""COMPUTED_VALUE"""),"23/04 penarikan KU 20/04 tim tiba di medan, lanjut progress instalasi 10/04 request material 09/04 komitmen aanwidzing ulang 13/04 31/03 komitmen aanwidzing (02/04) (07/01) Persiapan") -> 23/04 penarikan KU 20/04 tim tiba di medan, lanjut progress instalasi 10/04 request material 09/04 komitmen aanwidzing ulang 13/04 31/03 komitmen aanwidzing (02/04) (07/01) Persiapan | R32: =IFERROR(__xludf.DUMMYFUNCTION("""COMPUTED_VALUE"""),46142.0) -> 46142 | V32: =IFERROR(__xludf.DUMMYFUNCTION("""COMPUTED_VALUE"""),"20/Apr/2026") -> 20/Apr/2026 | X32: =IFERROR(__xludf.DUMMYFUNCTION("""COMPUTED_VALUE"""),"BELUM GOLIVE") -> BELUM GOLIVE | Z32: =IFERROR(__xludf.DUMMYFUNCTION("""COMPUTED_VALUE"""),"#N/A") -> #N/A | AI32: =IF(OR(R32="",AE32=""),"",R32-AE32) | AJ32: =if(AI32>=0,"not yet","lewat komitmen") -> not yet | AR32: 26 | AS32: 2026 | AT32: 12678801 | AU32: SMB-PT3-SWL-FC AOi425020103093452565dde0 | AV32: REGIONAL I | AW32: =xlookup(AX32,BANTU!B:B,BANTU!A:A) -> PADANG | AX32: SWL | AY32: SUMBAGTENG | AZ32: PADANG | BA32: Batch 3 | BB32: 7 | BC32: 56 | BD32: PT TANJUNG PUTRA PRIMA | BE32: 6. FINISH INSTALASI | BF32: 6.8 Sudah Submit ABD ke SDI | BG32: (05/03) ABD done submit ke sdi (02/03) ABD OGP submit ke sdi (18/02) penarikan kabel PLAN FI 22/02 (29/01) proses delivery material (21/01) proses CReate PID (07/01) Persiapan | BH32: MARET | BI32: 46093 | BK32: GOLIVE | BO32: PADANG | BP32: 13 | BQ32: 104
A33: =IFERROR(__xludf.DUMMYFUNCTION("""COMPUTED_VALUE"""),2026.0) -> 2026 | B33: =IFERROR(__xludf.DUMMYFUNCTION("""COMPUTED_VALUE"""),1.2108385E7) -> 12108385 | C33: =IFERROR(__xludf.DUMMYFUNCTION("""COMPUTED_VALUE"""),"MDN PT3 BJI-FYC LANGKAT_55157") -> MDN PT3 BJI-FYC LANGKAT_55157 | D33: =IFERROR(__xludf.DUMMYFUNCTION("""COMPUTED_VALUE"""),"REGIONAL I") -> REGIONAL I | E33: =IFERROR(__xludf.DUMMYFUNCTION("""COMPUTED_VALUE"""),"MEDAN") -> MEDAN | F33: =IFERROR(__xludf.DUMMYFUNCTION("""COMPUTED_VALUE"""),"BJI") -> BJI | G33: =IFERROR(__xludf.DUMMYFUNCTION("""COMPUTED_VALUE"""),"SUMBAGUT") -> SUMBAGUT | H33: =IFERROR(__xludf.DUMMYFUNCTION("""COMPUTED_VALUE"""),"BINJAI") -> BINJAI | I33: =IFERROR(__xludf.DUMMYFUNCTION("""COMPUTED_VALUE"""),"Batch 1") -> Batch 1 | J33: =IFERROR(__xludf.DUMMYFUNCTION("""COMPUTED_VALUE"""),2.0) -> 2 | K33: =IFERROR(__xludf.DUMMYFUNCTION("""COMPUTED_VALUE"""),16.0) -> 16 | L33: =IFERROR(__xludf.DUMMYFUNCTION("""COMPUTED_VALUE"""),800350.0) -> 800350 | M33: =IFERROR(__xludf.DUMMYFUNCTION("""COMPUTED_VALUE"""),1.2805585E7) -> 12805585 | N33: =IFERROR(__xludf.DUMMYFUNCTION("""COMPUTED_VALUE"""),"PT FIBERHOME TECHNOLOGIES INDONESIA") -> PT FIBERHOME TECHNOLOGIES INDONESIA | O33: =IFERROR(__xludf.DUMMYFUNCTION("""COMPUTED_VALUE"""),"5. INSTALASI") -> 5. INSTALASI | P33: =IFERROR(__xludf.DUMMYFUNCTION("""COMPUTED_VALUE"""),"5.6 Proses Penarikan Kabel") -> 5.6 Proses Penarikan Kabel | Q33: =IFERROR(__xludf.DUMMYFUNCTION("""COMPUTED_VALUE"""),"23/04 penarikan KU 20/04 tim tiba di medan, lanjut progress instalasi 10/04 request material 09/04 komitmen aanwidzing ulang 13/04 31/03 komitmen aanwidzing (02/04) (07/01) Persiapan") -> 23/04 penarikan KU 20/04 tim tiba di medan, lanjut progress instalasi 10/04 request material 09/04 komitmen aanwidzing ulang 13/04 31/03 komitmen aanwidzing (02/04) (07/01) Persiapan | R33: =IFERROR(__xludf.DUMMYFUNCTION("""COMPUTED_VALUE"""),46142.0) -> 46142 | V33: =IFERROR(__xludf.DUMMYFUNCTION("""COMPUTED_VALUE"""),"19/Apr/2026") -> 19/Apr/2026 | X33: =IFERROR(__xludf.DUMMYFUNCTION("""COMPUTED_VALUE"""),"BELUM GOLIVE") -> BELUM GOLIVE | Z33: =IFERROR(__xludf.DUMMYFUNCTION("""COMPUTED_VALUE"""),"#N/A") -> #N/A | AI33: =IF(OR(R33="",AE33=""),"",R33-AE33) | AJ33: =if(AI33>=0,"not yet","lewat komitmen") -> not yet | AR33: 27 | AS33: 2026 | AT33: 11198092 | AU33: RKP PT3 TSEL TJT-FH JALAN PARIT SERATUS | AV33: REGIONAL I | AW33: =xlookup(AX33,BANTU!B:B,BANTU!A:A) -> BATAM | AX33: TJT | AY33: SUMBAGTENG | AZ33: BATAM | BA33: Batch 2 | BB33: 3 | BC33: 24 | BD33: PT MITRA AKSES INSANI | BE33: 5. INSTALASI | BF33: 5.6 Proses Penarikan Kabel | BG33: 26/02 Tanam tiang DONE, proses tarik kabel tim serial. 13/02 Jadwal kapal ke pulau tanjung batu di hari rabu, karena kapal hari minggu sudah penuh. 09/02 LOP belum di survey oleh mitra, komitmen terakhi hari minggu tgl 8 feb tim berangkat ke pulau tanjung batu. 29/01 mitra MAI sudah acc dan plan survey senin 2 Februari. 21/01 Plan anwijzing Lokasi di pulau outer Tanjung batu | BH33: MARET | BI33: 46093 | BO33: PEKANBARU | BP33: 17 | BQ33: 136
A34: =IFERROR(__xludf.DUMMYFUNCTION("""COMPUTED_VALUE"""),2026.0) -> 2026 | B34: =IFERROR(__xludf.DUMMYFUNCTION("""COMPUTED_VALUE"""),1.2113033E7) -> 12113033 | C34: =IFERROR(__xludf.DUMMYFUNCTION("""COMPUTED_VALUE"""),"MDN PT3 BJI-FFA KOTA BINJAI_108194") -> MDN PT3 BJI-FFA KOTA BINJAI_108194 | D34: =IFERROR(__xludf.DUMMYFUNCTION("""COMPUTED_VALUE"""),"REGIONAL I") -> REGIONAL I | E34: =IFERROR(__xludf.DUMMYFUNCTION("""COMPUTED_VALUE"""),"MEDAN") -> MEDAN | F34: =IFERROR(__xludf.DUMMYFUNCTION("""COMPUTED_VALUE"""),"BJI") -> BJI | G34: =IFERROR(__xludf.DUMMYFUNCTION("""COMPUTED_VALUE"""),"SUMBAGUT") -> SUMBAGUT | H34: =IFERROR(__xludf.DUMMYFUNCTION("""COMPUTED_VALUE"""),"BINJAI") -> BINJAI | I34: =IFERROR(__xludf.DUMMYFUNCTION("""COMPUTED_VALUE"""),"Batch 1") -> Batch 1 | J34: =IFERROR(__xludf.DUMMYFUNCTION("""COMPUTED_VALUE"""),2.0) -> 2 | K34: =IFERROR(__xludf.DUMMYFUNCTION("""COMPUTED_VALUE"""),16.0) -> 16 | L34: =IFERROR(__xludf.DUMMYFUNCTION("""COMPUTED_VALUE"""),895830.0) -> 895830 | M34: =IFERROR(__xludf.DUMMYFUNCTION("""COMPUTED_VALUE"""),1.4333268E7) -> 14333268 | N34: =IFERROR(__xludf.DUMMYFUNCTION("""COMPUTED_VALUE"""),"PT KENCANA RAYA INDONESIA") -> PT KENCANA RAYA INDONESIA | O34: =IFERROR(__xludf.DUMMYFUNCTION("""COMPUTED_VALUE"""),"7. GOLIVE") -> 7. GOLIVE | P34: =IFERROR(__xludf.DUMMYFUNCTION("""COMPUTED_VALUE"""),"7.2 Golive Full / OA / DONE OTB") -> 7.2 Golive Full / OA / DONE OTB | Q34: =IFERROR(__xludf.DUMMYFUNCTION("""COMPUTED_VALUE"""),"23/04 Done FI , ogp ABD mancore 17/04 pasang odp 16/04 req barcode 08/04 on going req material 17/02 feeder dist ready (07/01) Persiapan") -> 23/04 Done FI , ogp ABD mancore 17/04 pasang odp 16/04 req barcode 08/04 on going req material 17/02 feeder dist ready (07/01) Persiapan | R34: =IFERROR(__xludf.DUMMYFUNCTION("""COMPUTED_VALUE"""),46136.0) -> 46136 | S34: =IFERROR(__xludf.DUMMYFUNCTION("""COMPUTED_VALUE"""),"APR") -> APR | V34: =IFERROR(__xludf.DUMMYFUNCTION("""COMPUTED_VALUE"""),"28/Apr/2026") -> 28/Apr/2026 | X34: =IFERROR(__xludf.DUMMYFUNCTION("""COMPUTED_VALUE"""),"GOLIVE") -> GOLIVE | Y34: =IFERROR(__xludf.DUMMYFUNCTION("""COMPUTED_VALUE"""),"DONE") -> DONE | Z34: =IFERROR(__xludf.DUMMYFUNCTION("""COMPUTED_VALUE"""),"#N/A") -> #N/A | AA34: =IFERROR(__xludf.DUMMYFUNCTION("""COMPUTED_VALUE"""),2.0) -> 2 | AC34: =IFERROR(__xludf.DUMMYFUNCTION("""COMPUTED_VALUE"""),"9307823#9307828") -> 9307823#9307828 | AD34: =IFERROR(__xludf.DUMMYFUNCTION("""COMPUTED_VALUE"""),16.0) -> 16 | AE34: =IFERROR(__xludf.DUMMYFUNCTION("""COMPUTED_VALUE"""),46136.0) -> 46136 | AI34: =IF(OR(R34="",AE34=""),"",R34-AE34) -> 0 | AJ34: =if(AI34>=0,"not yet","lewat komitmen") -> not yet | AR34: 28 | AS34: 2026 | AT34: 11197936 | AU34: RKP PT3 TSEL TJT-FL TANJUNG BATU BARU | AV34: REGIONAL I | AW34: =xlookup(AX34,BANTU!B:B,BANTU!A:A) -> BATAM | AX34: TJT | AY34: SUMBAGTENG | AZ34: BATAM | BA34: Batch 2 | BB34: 2 | BC34: 16 | BD34: PT MITRA AKSES INSANI | BE34: 5. INSTALASI | BF34: 5.6 Proses Penarikan Kabel | BG34: 26/02 Tanam tiang DONE, proses tarik kabel tim serial. 13/02 Jadwal kapal ke pulau tanjung batu di hari rabu, karena kapal hari minggu sudah penuh. 09/02 LOP belum di survey oleh mitra, komitmen terakhi hari minggu tgl 8 feb tim berangkat ke pulau tanjung batu. 29/01 mitra MAI sudah acc dan plan survey senin 2 Februari. 21/01 Plan anwijzing Lokasi di pulau outer Tanjung batu | BH34: MARET | BI34: 46094 | BL34: 24 | BO34: Grand Total | BP34: 142 | BQ34: 1128
A35: =IFERROR(__xludf.DUMMYFUNCTION("""COMPUTED_VALUE"""),2026.0) -> 2026 | B35: =IFERROR(__xludf.DUMMYFUNCTION("""COMPUTED_VALUE"""),1.2113425E7) -> 12113425 | C35: =IFERROR(__xludf.DUMMYFUNCTION("""COMPUTED_VALUE"""),"MDN PT3 BJI-FEG LANGKAT_142323_H2_2025") -> MDN PT3 BJI-FEG LANGKAT_142323_H2_2025 | D35: =IFERROR(__xludf.DUMMYFUNCTION("""COMPUTED_VALUE"""),"REGIONAL I") -> REGIONAL I | E35: =IFERROR(__xludf.DUMMYFUNCTION("""COMPUTED_VALUE"""),"MEDAN") -> MEDAN | F35: =IFERROR(__xludf.DUMMYFUNCTION("""COMPUTED_VALUE"""),"BJI") -> BJI | G35: =IFERROR(__xludf.DUMMYFUNCTION("""COMPUTED_VALUE"""),"SUMBAGUT") -> SUMBAGUT | H35: =IFERROR(__xludf.DUMMYFUNCTION("""COMPUTED_VALUE"""),"BINJAI") -> BINJAI | I35: =IFERROR(__xludf.DUMMYFUNCTION("""COMPUTED_VALUE"""),"Batch 1") -> Batch 1 | J35: =IFERROR(__xludf.DUMMYFUNCTION("""COMPUTED_VALUE"""),3.0) -> 3 | K35: =IFERROR(__xludf.DUMMYFUNCTION("""COMPUTED_VALUE"""),24.0) -> 24 | L35: =IFERROR(__xludf.DUMMYFUNCTION("""COMPUTED_VALUE"""),916318.0) -> 916318 | M35: =IFERROR(__xludf.DUMMYFUNCTION("""COMPUTED_VALUE"""),2.1991611E7) -> 21991611 | N35: =IFERROR(__xludf.DUMMYFUNCTION("""COMPUTED_VALUE"""),"PT KENCANA RAYA INDONESIA") -> PT KENCANA RAYA INDONESIA | O35: =IFERROR(__xludf.DUMMYFUNCTION("""COMPUTED_VALUE"""),"7. GOLIVE") -> 7. GOLIVE | P35: =IFERROR(__xludf.DUMMYFUNCTION("""COMPUTED_VALUE"""),"7.2 Golive Full / OA / DONE OTB") -> 7.2 Golive Full / OA / DONE OTB | Q35: =IFERROR(__xludf.DUMMYFUNCTION("""COMPUTED_VALUE"""),"20/04 finish instalasi 16/04 gali lobang tiang 08/04 on going req material 16/02 feeder distribusi ready (07/01) Persiapan") -> 20/04 finish instalasi 16/04 gali lobang tiang 08/04 on going req material 16/02 feeder distribusi ready (07/01) Persiapan | R35: =IFERROR(__xludf.DUMMYFUNCTION("""COMPUTED_VALUE"""),46134.0) -> 46134 | S35: =IFERROR(__xludf.DUMMYFUNCTION("""COMPUTED_VALUE"""),"APR") -> APR | V35: =IFERROR(__xludf.DUMMYFUNCTION("""COMPUTED_VALUE"""),"28/Apr/2026") -> 28/Apr/2026 | X35: =IFERROR(__xludf.DUMMYFUNCTION("""COMPUTED_VALUE"""),"GOLIVE") -> GOLIVE | Y35: =IFERROR(__xludf.DUMMYFUNCTION("""COMPUTED_VALUE"""),"DONE") -> DONE | Z35: =IFERROR(__xludf.DUMMYFUNCTION("""COMPUTED_VALUE"""),"#N/A") -> #N/A | AA35: =IFERROR(__xludf.DUMMYFUNCTION("""COMPUTED_VALUE"""),3.0) -> 3 | AC35: =IFERROR(__xludf.DUMMYFUNCTION("""COMPUTED_VALUE"""),"9298407#9298412") -> 9298407#9298412 | AD35: =IFERROR(__xludf.DUMMYFUNCTION("""COMPUTED_VALUE"""),24.0) -> 24 | AE35: =IFERROR(__xludf.DUMMYFUNCTION("""COMPUTED_VALUE"""),46134.0) -> 46134 | AI35: =IF(OR(R35="",AE35=""),"",R35-AE35) -> 0 | AJ35: =if(AI35>=0,"not yet","lewat komitmen") -> not yet | AR35: 29 | AS35: 2026 | AT35: 12537645 | AU35: RKP TSEL PT2 SLU-FCV 250_451_4028 | AV35: REGIONAL I | AW35: =xlookup(AX35,BANTU!B:B,BANTU!A:A) -> BATAM | AX35: SLU | AY35: SUMBAGTENG | AZ35: BATAM | BA35: Batch 3 | BB35: 1 | BC35: 8 | BD35: PT MITRA HOSINDO SEJAHTERA | BE35: 4. MATDEL | BF35: 4.1 Belum Request Material (Alista) | BG35: 16/02 Progres Req Material. 13/02 Anwijzing OK, izin belum di beri kepastian. 12/02 Plan anwijzing besok 13 Feb. 09/02 Plan anwijzing 11 Feb 2026. 29/01 Plan survey 30 Jan. 23/01 Plan anwijzing 26 Jan, Order Baru. 22/01 Order baru, proses penunjukan mitra | BH35: MARET | BI35: 46094 | BO35: TARGET | BP35: =BB25 -> 7 | BQ35: =BC25 -> 56
A36: =IFERROR(__xludf.DUMMYFUNCTION("""COMPUTED_VALUE"""),2026.0) -> 2026 | B36: =IFERROR(__xludf.DUMMYFUNCTION("""COMPUTED_VALUE"""),1.2101814E7) -> 12101814 | C36: =IFERROR(__xludf.DUMMYFUNCTION("""COMPUTED_VALUE"""),"SMB-PT3-ODC-SIR-FA-TANAH DATAR 2 Cluster") -> SMB-PT3-ODC-SIR-FA-TANAH DATAR 2 Cluster | D36: =IFERROR(__xludf.DUMMYFUNCTION("""COMPUTED_VALUE"""),"REGIONAL I") -> REGIONAL I | E36: =IFERROR(__xludf.DUMMYFUNCTION("""COMPUTED_VALUE"""),"SUMBAR") -> SUMBAR | F36: =IFERROR(__xludf.DUMMYFUNCTION("""COMPUTED_VALUE"""),"SIR") -> SIR | G36: =IFERROR(__xludf.DUMMYFUNCTION("""COMPUTED_VALUE"""),"SUMBAGTENG") -> SUMBAGTENG | H36: =IFERROR(__xludf.DUMMYFUNCTION("""COMPUTED_VALUE"""),"BUKIT TINGGI") -> BUKIT TINGGI | I36: =IFERROR(__xludf.DUMMYFUNCTION("""COMPUTED_VALUE"""),"Batch 1") -> Batch 1 | J36: =IFERROR(__xludf.DUMMYFUNCTION("""COMPUTED_VALUE"""),8.0) -> 8 | K36: =IFERROR(__xludf.DUMMYFUNCTION("""COMPUTED_VALUE"""),64.0) -> 64 | L36: =IFERROR(__xludf.DUMMYFUNCTION("""COMPUTED_VALUE"""),1044403.0) -> 1044403 | M36: =IFERROR(__xludf.DUMMYFUNCTION("""COMPUTED_VALUE"""),6.6841744E7) -> 66841744 | N36: =IFERROR(__xludf.DUMMYFUNCTION("""COMPUTED_VALUE"""),"PT TSUIKA BERKAH RAYA") -> PT TSUIKA BERKAH RAYA | O36: =IFERROR(__xludf.DUMMYFUNCTION("""COMPUTED_VALUE"""),"8. UJI TERIMA") -> 8. UJI TERIMA | P36: =IFERROR(__xludf.DUMMYFUNCTION("""COMPUTED_VALUE"""),"8.1 Proses UT") -> 8.1 Proses UT | Q36: =IFERROR(__xludf.DUMMYFUNCTION("""COMPUTED_VALUE"""),"(18/02) ABD submit HI ke SDI PLAN UT 18/02 (29/01) proses delivery material (21/01) proses CReate PID (07/01) Persiapan") -> (18/02) ABD submit HI ke SDI PLAN UT 18/02 (29/01) proses delivery material (21/01) proses CReate PID (07/01) Persiapan | R36: =IFERROR(__xludf.DUMMYFUNCTION("""COMPUTED_VALUE"""),46063.0) -> 46063 | U36: =IFERROR(__xludf.DUMMYFUNCTION("""COMPUTED_VALUE"""),"TIF-1904/2026 26KT03R158-0010") -> TIF-1904/2026 26KT03R158-0010 | V36: =IFERROR(__xludf.DUMMYFUNCTION("""COMPUTED_VALUE"""),"M. ARIF HAMADI") -> M. ARIF HAMADI | W36: =IFERROR(__xludf.DUMMYFUNCTION("""COMPUTED_VALUE"""),"MELKO NARWADI") -> MELKO NARWADI | X36: =IFERROR(__xludf.DUMMYFUNCTION("""COMPUTED_VALUE"""),"GOLIVE") -> GOLIVE | Y36: =IFERROR(__xludf.DUMMYFUNCTION("""COMPUTED_VALUE"""),"DONE") -> DONE | Z36: =IFERROR(__xludf.DUMMYFUNCTION("""COMPUTED_VALUE"""),"#N/A") -> #N/A | AA36: =IFERROR(__xludf.DUMMYFUNCTION("""COMPUTED_VALUE"""),6.0) -> 6 | AC36: =IFERROR(__xludf.DUMMYFUNCTION("""COMPUTED_VALUE"""),"9127603#9127608") -> 9127603#9127608 | AD36: =IFERROR(__xludf.DUMMYFUNCTION("""COMPUTED_VALUE"""),48.0) -> 48 | AE36: =IFERROR(__xludf.DUMMYFUNCTION("""COMPUTED_VALUE"""),46074.0) -> 46074 | AH36: 46063 | AI36: =IF(OR(AH36="",AE36=""),"",AH36-AE36) -> -11 | AJ36: =if(AI36>=0,"not yet","lewat komitmen") -> lewat komitmen | AR36: 30 | AS36: 2026 | AT36: 12858752 | AU36: SMB-PT3-ODC-KOU-FA-250_174_2418 | AV36: REGIONAL I | AW36: =xlookup(AX36,BANTU!B:B,BANTU!A:A) -> BUKIT TINGGI | AX36: KOU | AY36: SUMBAGTENG | AZ36: BUKIT TINGGI | BA36: Batch 3 | BB36: 5 | BC36: 40 | BD36: PT GARINDO TECHNO MANDIRI | BE36: 5. INSTALASI | BF36: 5.1 Progress kendala Comcase | BG36: (05/03) terminasi ODP, menunggu dana comcase (02/03) penyerahan dana comcase HI, dan lanjut instalasi (18/02) Terminasi ODP, kendala comcase (05/02) proses tanam tiang (29/01) proses create PID (21/01) proses aanwijziing (07/01) Persiapan | BH36: MARET | BI36: 46095 | BL36: 64 | BO36: ACH GOLIVE | BP36: =BP34/BB25 -> 20.285714 | BQ36: =BQ34/BC25 -> 20.142857
A37: =IFERROR(__xludf.DUMMYFUNCTION("""COMPUTED_VALUE"""),2026.0) -> 2026 | B37: =IFERROR(__xludf.DUMMYFUNCTION("""COMPUTED_VALUE"""),1.2134202E7) -> 12134202 | C37: =IFERROR(__xludf.DUMMYFUNCTION("""COMPUTED_VALUE"""),"MDN PT3 PER-FC SERDANG BEDAGAI_117046") -> MDN PT3 PER-FC SERDANG BEDAGAI_117046 | D37: =IFERROR(__xludf.DUMMYFUNCTION("""COMPUTED_VALUE"""),"REGIONAL I") -> REGIONAL I | E37: =IFERROR(__xludf.DUMMYFUNCTION("""COMPUTED_VALUE"""),"MEDAN") -> MEDAN | F37: =IFERROR(__xludf.DUMMYFUNCTION("""COMPUTED_VALUE"""),"PER") -> PER | G37: =IFERROR(__xludf.DUMMYFUNCTION("""COMPUTED_VALUE"""),"SUMBAGUT") -> SUMBAGUT | H37: =IFERROR(__xludf.DUMMYFUNCTION("""COMPUTED_VALUE"""),"PEMATANG SIANTAR") -> PEMATANG SIANTAR | I37: =IFERROR(__xludf.DUMMYFUNCTION("""COMPUTED_VALUE"""),"Batch 1") -> Batch 1 | J37: =IFERROR(__xludf.DUMMYFUNCTION("""COMPUTED_VALUE"""),1.0) -> 1 | K37: =IFERROR(__xludf.DUMMYFUNCTION("""COMPUTED_VALUE"""),8.0) -> 8 | L37: =IFERROR(__xludf.DUMMYFUNCTION("""COMPUTED_VALUE"""),923006.0) -> 923006 | M37: =IFERROR(__xludf.DUMMYFUNCTION("""COMPUTED_VALUE"""),7384046.0) -> 7384046 | N37: =IFERROR(__xludf.DUMMYFUNCTION("""COMPUTED_VALUE"""),"PT INNANDA INDAH") -> PT INNANDA INDAH | O37: =IFERROR(__xludf.DUMMYFUNCTION("""COMPUTED_VALUE"""),"2. DONE AANWIJZING") -> 2. DONE AANWIJZING | P37: =IFERROR(__xludf.DUMMYFUNCTION("""COMPUTED_VALUE"""),"2.11 Kendala - Feeder Full / Dependensi LOP lain") -> 2.11 Kendala - Feeder Full / Dependensi LOP lain | Q37: =IFERROR(__xludf.DUMMYFUNCTION("""COMPUTED_VALUE"""),"20/04 Feeder full ( butuh insert feeder) (07/01) Persiapan") -> 20/04 Feeder full ( butuh insert feeder) (07/01) Persiapan | X37: =IFERROR(__xludf.DUMMYFUNCTION("""COMPUTED_VALUE"""),"BELUM GOLIVE") -> BELUM GOLIVE | Z37: =IFERROR(__xludf.DUMMYFUNCTION("""COMPUTED_VALUE"""),"#N/A") -> #N/A | AI37: =IF(OR(R37="",AE37=""),"",R37-AE37) | AR37: 31 | AS37: 2026 | AT37: 12075822 | AU37: RKP TSEL PT3 SLU-FBC KAV. SEI LEKOP | AV37: REGIONAL I | AW37: =xlookup(AX37,BANTU!B:B,BANTU!A:A) -> BATAM | AX37: SLU | AY37: SUMBAGTENG | AZ37: BATAM | BA37: Batch 2 | BB37: 2 | BC37: 16 | BD37: PT MITRA SETIA INDONESIA | BE37: 4. MATDEL | BF37: 4.1 Belum Request Material (Alista) | BG37: 07/02 MP mitra masih di TJT. 06/02 Izin OK, anwijzing OK. 28/01 Plan survey 29 Jan. 21/01 plan survey minggu depan tgl 26 | BH37: MARET | BI37: 46095
A38: =IFERROR(__xludf.DUMMYFUNCTION("""COMPUTED_VALUE"""),2026.0) -> 2026 | B38: =IFERROR(__xludf.DUMMYFUNCTION("""COMPUTED_VALUE"""),1.2134828E7) -> 12134828 | C38: =IFERROR(__xludf.DUMMYFUNCTION("""COMPUTED_VALUE"""),"MDN PT3 PER-FA SERDANG BEDAGAI_159203") -> MDN PT3 PER-FA SERDANG BEDAGAI_159203 | D38: =IFERROR(__xludf.DUMMYFUNCTION("""COMPUTED_VALUE"""),"REGIONAL I") -> REGIONAL I | E38: =IFERROR(__xludf.DUMMYFUNCTION("""COMPUTED_VALUE"""),"MEDAN") -> MEDAN | F38: =IFERROR(__xludf.DUMMYFUNCTION("""COMPUTED_VALUE"""),"PER") -> PER | G38: =IFERROR(__xludf.DUMMYFUNCTION("""COMPUTED_VALUE"""),"SUMBAGUT") -> SUMBAGUT | H38: =IFERROR(__xludf.DUMMYFUNCTION("""COMPUTED_VALUE"""),"PEMATANG SIANTAR") -> PEMATANG SIANTAR | I38: =IFERROR(__xludf.DUMMYFUNCTION("""COMPUTED_VALUE"""),"Batch 1") -> Batch 1 | J38: =IFERROR(__xludf.DUMMYFUNCTION("""COMPUTED_VALUE"""),2.0) -> 2 | K38: =IFERROR(__xludf.DUMMYFUNCTION("""COMPUTED_VALUE"""),16.0) -> 16 | L38: =IFERROR(__xludf.DUMMYFUNCTION("""COMPUTED_VALUE"""),661783.0) -> 661783 | M38: =IFERROR(__xludf.DUMMYFUNCTION("""COMPUTED_VALUE"""),1.0588515E7) -> 10588515 | N38: =IFERROR(__xludf.DUMMYFUNCTION("""COMPUTED_VALUE"""),"PT INNANDA INDAH") -> PT INNANDA INDAH | O38: =IFERROR(__xludf.DUMMYFUNCTION("""COMPUTED_VALUE"""),"3. PERIZINAN") -> 3. PERIZINAN | P38: =IFERROR(__xludf.DUMMYFUNCTION("""COMPUTED_VALUE"""),"3.9 Izin Kades / Lurah / RTRW") -> 3.9 Izin Kades / Lurah / RTRW | Q38: =IFERROR(__xludf.DUMMYFUNCTION("""COMPUTED_VALUE"""),"20/04 komitmen perizinan 21/04 14/04 Redesain done , proses perijinan 09/02 D02 hasil ukur loss OTDR 1,2KM (07/01) Persiapan") -> 20/04 komitmen perizinan 21/04 14/04 Redesain done , proses perijinan 09/02 D02 hasil ukur loss OTDR 1,2KM (07/01) Persiapan | X38: =IFERROR(__xludf.DUMMYFUNCTION("""COMPUTED_VALUE"""),"BELUM GOLIVE") -> BELUM GOLIVE | Z38: =IFERROR(__xludf.DUMMYFUNCTION("""COMPUTED_VALUE"""),"#N/A") -> #N/A | AI38: =IF(OR(R38="",AE38=""),"",R38-AE38) | AR38: 32 | AS38: 2026 | AT38: 11278681 | AU38: RKP PT3 TSEL TJT-FL JL. SAWANG KUNDUR | AV38: REGIONAL I | AW38: =xlookup(AX38,BANTU!B:B,BANTU!A:A) -> BATAM | AX38: TJT | AY38: SUMBAGTENG | AZ38: BATAM | BA38: Batch 2 | BB38: 1 | BC38: 8 | BD38: PT MITRA AKSES INSANI | BE38: 5. INSTALASI | BF38: 5.6 Proses Penarikan Kabel | BG38: 26/02 Tanam tiang DONE, proses tarik kabel tim serial. 13/02 Jadwal kapal ke pulau tanjung batu di hari rabu, karena kapal hari minggu sudah penuh. 09/02 LOP belum di survey oleh mitra, komitmen terakhi hari minggu tgl 8 feb tim berangkat ke pulau tanjung batu. 29/01 mitra MAI sudah acc dan plan survey senin 2 Februari. 21/01 Plan anwijzing Lokasi di pulau outer Tanjung batu | BH38: MARET | BI38: 46095
A39: =IFERROR(__xludf.DUMMYFUNCTION("""COMPUTED_VALUE"""),2026.0) -> 2026 | B39: =IFERROR(__xludf.DUMMYFUNCTION("""COMPUTED_VALUE"""),1.2028874E7) -> 12028874 | C39: =IFERROR(__xludf.DUMMYFUNCTION("""COMPUTED_VALUE"""),"SMS PT4 ODC BLT XX DS SIDO MAKMUR") -> SMS PT4 ODC BLT XX DS SIDO MAKMUR | D39: =IFERROR(__xludf.DUMMYFUNCTION("""COMPUTED_VALUE"""),"REGIONAL I") -> REGIONAL I | E39: =IFERROR(__xludf.DUMMYFUNCTION("""COMPUTED_VALUE"""),"SUMSEL") -> SUMSEL | F39: =IFERROR(__xludf.DUMMYFUNCTION("""COMPUTED_VALUE"""),"BLT") -> BLT | G39: =IFERROR(__xludf.DUMMYFUNCTION("""COMPUTED_VALUE"""),"SUMBAGSEL") -> SUMBAGSEL | H39: =IFERROR(__xludf.DUMMYFUNCTION("""COMPUTED_VALUE"""),"PALEMBANG") -> PALEMBANG | I39: =IFERROR(__xludf.DUMMYFUNCTION("""COMPUTED_VALUE"""),"Batch 1") -> Batch 1 | J39: =IFERROR(__xludf.DUMMYFUNCTION("""COMPUTED_VALUE"""),34.0) -> 34 | K39: =IFERROR(__xludf.DUMMYFUNCTION("""COMPUTED_VALUE"""),272.0) -> 272 | L39: =IFERROR(__xludf.DUMMYFUNCTION("""COMPUTED_VALUE"""),1340972.0) -> 1340972 | M39: =IFERROR(__xludf.DUMMYFUNCTION("""COMPUTED_VALUE"""),3.64744113E8) -> 364744113 | N39: =IFERROR(__xludf.DUMMYFUNCTION("""COMPUTED_VALUE"""),"PT GARINDO TECHNO MANDIRI") -> PT GARINDO TECHNO MANDIRI | O39: =IFERROR(__xludf.DUMMYFUNCTION("""COMPUTED_VALUE"""),"0. DROP") -> 0. DROP | P39: =IFERROR(__xludf.DUMMYFUNCTION("""COMPUTED_VALUE"""),"0.2 Tidak Dapat Izin Warga/Kades/Lurah/Developer") -> 0.2 Tidak Dapat Izin Warga/Kades/Lurah/Developer | Q39: =IFERROR(__xludf.DUMMYFUNCTION("""COMPUTED_VALUE"""),"06/03 tidak mendapatkan izin dari kades, karena meminta surat dari bupati terkait pembangunan jarinngan telkom di desa tsb 24/02 tidak mendapatkan izin dari kades, karena meminta surat dari bupati terkait pembangunan jarinngan telkom di desa tsb 12/02 K"&"ONFIRM WASPANG HOLD KRNA KENDALA DI PERIZINAN, 11/2 menunggu PRPO 10/02 MASIH PROGRESS DRM, 06/02 HASIL REVIEW TSEL MINTA LANJUT PROGRESS, 03/02 DROP PERMINTAAN SALES 30/01 MENUNGGU EVAL - PLAN TGL 02 FEB, (26/1) tim TIF belum bisa EVAL hasil anwijzing k"&"arena lagi diluar kota , estimasi 29 jan baru kembali ke Palembang(25/01) DONE AANWIDJZING - PROSES PERIZINAN KADES SETEMPAT, (21/01) menunggu antrian aanwizjing, (15/1) ORDER DITERIMA MITRA 14/1,MENUNGGU PLAN AANWIJDZING (07/1) ORDER JPP BATTCH 1 2026") -> 06/03 tidak mendapatkan izin dari kades, karena meminta surat dari bupati terkait pembangunan jarinngan telkom di desa tsb 24/02 tidak mendapatkan izin dari kades, karena meminta surat dari bupati terkait pembangunan jarinngan telkom di desa tsb 12/02 KONFIRM WASPANG HOLD KRNA KENDALA DI PERIZINAN, 11/2 menunggu PRPO 10/02 MASIH PROGRESS DRM, 06/02 HASIL REVIEW TSEL MINTA LANJUT PROGRESS, 03/02 DROP PERMINTAAN SALES 30/01 MENUNGGU EVAL - PLAN TGL 02 FEB, (26/1) tim TIF belum bisa EVAL hasil anwijzing karena lagi diluar kota , estimasi 29 jan baru kembali ke Palembang(25/01) DONE AANWIDJZING - PROSES PERIZINAN KADES SETEMPAT, (21/01) menunggu antrian aanwizjing, (15/1) ORDER DITERIMA MITRA 14/1,MENUNGGU PLAN AANWIJDZING (07/1) ORDER JPP BATTCH 1 2026 | V39: =IFERROR(__xludf.DUMMYFUNCTION("""COMPUTED_VALUE"""),"TANTOWI") -> TANTOWI | X39: =IFERROR(__xludf.DUMMYFUNCTION("""COMPUTED_VALUE"""),"BELUM GOLIVE") -> BELUM GOLIVE | Z39: =IFERROR(__xludf.DUMMYFUNCTION("""COMPUTED_VALUE"""),"#N/A") -> #N/A | AF39: =IFERROR(__xludf.DUMMYFUNCTION("""COMPUTED_VALUE"""),"Draft BA DROP") -> Draft BA DROP | AI39: =IF(OR(R39="",AE39=""),"",R39-AE39) | AR39: 33 | AS39: 2026 | AT39: 11198101 | AU39: RKP PT3 JPP TJT-FG JL. SARTIKA | AV39: REGIONAL I | AW39: =xlookup(AX39,BANTU!B:B,BANTU!A:A) -> BATAM | AX39: TJT | AY39: SUMBAGTENG | AZ39: BATAM | BA39: Batch 2 | BB39: 4 | BC39: 32 | BD39: PT MITRA AKSES INSANI | BE39: 5. INSTALASI | BF39: 5.6 Proses Penarikan Kabel | BG39: 26/02 Tanam tiang DONE, proses tarik kabel tim serial. 13/02 Jadwal kapal ke pulau tanjung batu di hari rabu, karena kapal hari minggu sudah penuh. 09/02 LOP belum di survey oleh mitra, komitmen terakhi hari minggu tgl 8 feb tim berangkat ke pulau tanjung batu. 29/01 mitra MAI sudah acc dan plan survey senin 2 Februari. 21/01 Plan anwijzing Lokasi di pulau outer Tanjung batu | BH39: MARET | BI39: 46096 | BL39: 32
A40: =IFERROR(__xludf.DUMMYFUNCTION("""COMPUTED_VALUE"""),2026.0) -> 2026 | B40: =IFERROR(__xludf.DUMMYFUNCTION("""COMPUTED_VALUE"""),1.2155851E7) -> 12155851 | C40: =IFERROR(__xludf.DUMMYFUNCTION("""COMPUTED_VALUE"""),"MDN PT3 BJI-FY DELI SERDANG_175701") -> MDN PT3 BJI-FY DELI SERDANG_175701 | D40: =IFERROR(__xludf.DUMMYFUNCTION("""COMPUTED_VALUE"""),"REGIONAL I") -> REGIONAL I | E40: =IFERROR(__xludf.DUMMYFUNCTION("""COMPUTED_VALUE"""),"MEDAN") -> MEDAN | F40: =IFERROR(__xludf.DUMMYFUNCTION("""COMPUTED_VALUE"""),"BJI") -> BJI | G40: =IFERROR(__xludf.DUMMYFUNCTION("""COMPUTED_VALUE"""),"SUMBAGUT") -> SUMBAGUT | H40: =IFERROR(__xludf.DUMMYFUNCTION("""COMPUTED_VALUE"""),"BINJAI") -> BINJAI | I40: =IFERROR(__xludf.DUMMYFUNCTION("""COMPUTED_VALUE"""),"Batch 1") -> Batch 1 | J40: =IFERROR(__xludf.DUMMYFUNCTION("""COMPUTED_VALUE"""),2.0) -> 2 | K40: =IFERROR(__xludf.DUMMYFUNCTION("""COMPUTED_VALUE"""),16.0) -> 16 | L40: =IFERROR(__xludf.DUMMYFUNCTION("""COMPUTED_VALUE"""),693317.0) -> 693317 | M40: =IFERROR(__xludf.DUMMYFUNCTION("""COMPUTED_VALUE"""),1.1093065E7) -> 11093065 | N40: =IFERROR(__xludf.DUMMYFUNCTION("""COMPUTED_VALUE"""),"PT FIBERHOME TECHNOLOGIES INDONESIA") -> PT FIBERHOME TECHNOLOGIES INDONESIA | O40: =IFERROR(__xludf.DUMMYFUNCTION("""COMPUTED_VALUE"""),"3. PERIZINAN") -> 3. PERIZINAN | P40: =IFERROR(__xludf.DUMMYFUNCTION("""COMPUTED_VALUE"""),"3.9 Izin Kades / Lurah / RTRW") -> 3.9 Izin Kades / Lurah / RTRW | Q40: =IFERROR(__xludf.DUMMYFUNCTION("""COMPUTED_VALUE"""),"20/04 takeover mitra 09/04 komitmen perizinan 11/04 (03/04) (11/02) proses permit 4 tiang di lahan warga (07/01) Persiapan") -> 20/04 takeover mitra 09/04 komitmen perizinan 11/04 (03/04) (11/02) proses permit 4 tiang di lahan warga (07/01) Persiapan | V40: =IFERROR(__xludf.DUMMYFUNCTION("""COMPUTED_VALUE"""),"16/Apr/2026") -> 16/Apr/2026 | X40: =IFERROR(__xludf.DUMMYFUNCTION("""COMPUTED_VALUE"""),"BELUM GOLIVE") -> BELUM GOLIVE | Z40: =IFERROR(__xludf.DUMMYFUNCTION("""COMPUTED_VALUE"""),"#N/A") -> #N/A | AI40: =IF(OR(R40="",AE40=""),"",R40-AE40) | AR40: 34 | AS40: 2026 | AT40: 11363241 | AU40: RDR TAK PT3 P2I2 TAMBAHAN SUNGAI PAKU | AV40: REGIONAL I | AW40: =xlookup(AX40,BANTU!B:B,BANTU!A:A) -> DUMAI | AX40: TAK | AY40: SUMBAGTENG | AZ40: DUMAI | BA40: Batch 2 | BB40: 14 | BC40: 112 | BD40: PT TRIPOLA PANATA | BE40: 5. INSTALASI | BF40: 5.4 Proses Penanaman Tiang | BG40: 10/02 Antrian Tim Mitra 29/01 Antrian Review hasil anwidzing 21/01 Terget selesai survey 24 Jan (07/01) Persiapan | BH40: MARET | BI40: 46097 | BL40: 224
A41: =IFERROR(__xludf.DUMMYFUNCTION("""COMPUTED_VALUE"""),2026.0) -> 2026 | B41: =IFERROR(__xludf.DUMMYFUNCTION("""COMPUTED_VALUE"""),1.1810066E7) -> 11810066 | C41: =IFERROR(__xludf.DUMMYFUNCTION("""COMPUTED_VALUE"""),"SMS PT3 MUD FA D05 DS Talang Kuburan") -> SMS PT3 MUD FA D05 DS Talang Kuburan | D41: =IFERROR(__xludf.DUMMYFUNCTION("""COMPUTED_VALUE"""),"REGIONAL I") -> REGIONAL I | E41: =IFERROR(__xludf.DUMMYFUNCTION("""COMPUTED_VALUE"""),"SUMSEL") -> SUMSEL | F41: =IFERROR(__xludf.DUMMYFUNCTION("""COMPUTED_VALUE"""),"MUD") -> MUD | G41: =IFERROR(__xludf.DUMMYFUNCTION("""COMPUTED_VALUE"""),"SUMBAGSEL") -> SUMBAGSEL | H41: =IFERROR(__xludf.DUMMYFUNCTION("""COMPUTED_VALUE"""),"PALEMBANG") -> PALEMBANG | I41: =IFERROR(__xludf.DUMMYFUNCTION("""COMPUTED_VALUE"""),"Batch 1") -> Batch 1 | J41: =IFERROR(__xludf.DUMMYFUNCTION("""COMPUTED_VALUE"""),4.0) -> 4 | K41: =IFERROR(__xludf.DUMMYFUNCTION("""COMPUTED_VALUE"""),32.0) -> 32 | L41: =IFERROR(__xludf.DUMMYFUNCTION("""COMPUTED_VALUE"""),516412.0) -> 516412 | M41: =IFERROR(__xludf.DUMMYFUNCTION("""COMPUTED_VALUE"""),1.6525157E7) -> 16525157 | N41: =IFERROR(__xludf.DUMMYFUNCTION("""COMPUTED_VALUE"""),"PT GARINDO TECHNO MANDIRI") -> PT GARINDO TECHNO MANDIRI | O41: =IFERROR(__xludf.DUMMYFUNCTION("""COMPUTED_VALUE"""),"7. GOLIVE") -> 7. GOLIVE | P41: =IFERROR(__xludf.DUMMYFUNCTION("""COMPUTED_VALUE"""),"7.1 Golive Parsial") -> 7.1 Golive Parsial | Q41: =IFERROR(__xludf.DUMMYFUNCTION("""COMPUTED_VALUE"""),"06/04 PELURUSAN CORE dan pemasangan ODP 04/04 DONE PENANAMAN TIANG DAN PENARIKAN KABEL, 02/04 BUTUH REPAIR DISTRIBUSI KARENA KENDALA RETI, 27/03 KENDALA DISTRIBUSI REDAMAN TINGGI BUTUH REPAIR DISTRIBUSI, 25/03 EST TGL 30 MAR PROGRESS LAPANGAN, 24/03 EST "&"TGL 30 MAR PROGRESS LAPANGAN, 21/03 EST TGL 30 MAR PROGRESS LAPANGAN, 16/03 PARALEL MENUNGGU ANTRIAN PROGRESS, 13/03 MASIH MENUNGGU ANTRIAN PEKERJAAN, 12/03 MENUNGGU ANTRIAN PEKERJAAN MPA, 10/03 MASIH MENUNGGU ANTRIAN PEKERJAAN, 06/03 MENUNGGU ANTRIAN PEK"&"ERJAAN, 04/03 MATERIAL ONSITE, 03/03 MATDEL, 02/03 HARI INI AMBIL TIANG, 27/02 DONE RFC,OGP AMBIL MATERIAL EST TGL 02/03, 26/02 MENUNGGU RFC UTK PENGAMBILAN MATERIAL, 25/02 MASIH MENUNGGU TIANG, 24/02 LANJUT PROGRESS SDH ADA RFC DAN MENUNGGU TIANG, 23/02 "&"BELUM INPUT MATERIAL TIANG KRNA TIANG HABIS, 22/2 menunggu material TIANG 20/02 DONE INPUT MATERIAL, 18/02 BELUM BISA INPUT MATERIAL - MSH MENUNGGU PA, 11/2 menunggu PRPO 10/02 MASIH PROGRESS DRM, 4/2 Sudah evall, lanjut Deploy 30/01 MENUNGGU EVAL - PL"&"AN TGL 02 FEB, , (26/1) tim TIF belum bisa EVAL hasil anwijzing karena lagi diluar kota , estimasi 29 jan baru kembali ke Palembang(24/1) sudah aanwijdizing, menunggu update hasil (21/01) menunggu antrian aanwizjing, (15/1) ORDER DITERIMA MITRA 14/1,MENUN"&"GGU PLAN AANWIJDZING (07/1) ORDER JPP BATTCH 1 2026") -> 06/04 PELURUSAN CORE dan pemasangan ODP 04/04 DONE PENANAMAN TIANG DAN PENARIKAN KABEL, 02/04 BUTUH REPAIR DISTRIBUSI KARENA KENDALA RETI, 27/03 KENDALA DISTRIBUSI REDAMAN TINGGI BUTUH REPAIR DISTRIBUSI, 25/03 EST TGL 30 MAR PROGRESS LAPANGAN, 24/03 EST TGL 30 MAR PROGRESS LAPANGAN, 21/03 EST TGL 30 MAR PROGRESS LAPANGAN, 16/03 PARALEL MENUNGGU ANTRIAN PROGRESS, 13/03 MASIH MENUNGGU ANTRIAN PEKERJAAN, 12/03 MENUNGGU ANTRIAN PEKERJAAN MPA, 10/03 MASIH MENUNGGU ANTRIAN PEKERJAAN, 06/03 MENUNGGU ANTRIAN PEKERJAAN, 04/03 MATERIAL ONSITE, 03/03 MATDEL, 02/03 HARI INI AMBIL TIANG, 27/02 DONE RFC,OGP AMBIL MATERIAL EST TGL 02/03, 26/02 MENUNGGU RFC UTK PENGAMBILAN MATERIAL, 25/02 MASIH MENUNGGU TIANG, 24/02 LANJUT PROGRESS SDH ADA RFC DAN MENUNGGU TIANG, 23/02 BELUM INPUT MATERIAL TIANG KRNA TIANG HABIS, 22/2 menunggu material TIANG 20/02 DONE INPUT MATERIAL, 18/02 BELUM BISA INPUT MATERIAL - MSH MENUNGGU PA, 11/2 menunggu PRPO 10/02 MASIH PROGRESS DRM, 4/2 Sudah evall, lanjut Deploy 30/01 MENUNGGU EVAL - PLAN TGL 02 FEB, , (26/1) tim TIF belum bisa EVAL hasil anwijzing karena lagi diluar kota , estimasi 29 jan baru kembali ke Palembang(24/1) sudah aanwijdizing, menunggu update hasil (21/01) menunggu antrian aanwizjing, (15/1) ORDER DITERIMA MITRA 14/1,MENUNGGU PLAN AANWIJDZING (07/1) ORDER JPP BATTCH 1 2026 | R41: =IFERROR(__xludf.DUMMYFUNCTION("""COMPUTED_VALUE"""),46119.0) -> 46119 | S41: =IFERROR(__xludf.DUMMYFUNCTION("""COMPUTED_VALUE"""),"APR") -> APR | T41: =IFERROR(__xludf.DUMMYFUNCTION("""COMPUTED_VALUE"""),"P1") -> P1 | V41: =IFERROR(__xludf.DUMMYFUNCTION("""COMPUTED_VALUE"""),"TANTOWI") -> TANTOWI | X41: =IFERROR(__xludf.DUMMYFUNCTION("""COMPUTED_VALUE"""),"GOLIVE") -> GOLIVE | Y41: =IFERROR(__xludf.DUMMYFUNCTION("""COMPUTED_VALUE"""),"DONE") -> DONE | Z41: =IFERROR(__xludf.DUMMYFUNCTION("""COMPUTED_VALUE"""),"#N/A") -> #N/A | AA41: =IFERROR(__xludf.DUMMYFUNCTION("""COMPUTED_VALUE"""),2.0) -> 2 | AC41: =IFERROR(__xludf.DUMMYFUNCTION("""COMPUTED_VALUE"""),"9022733#9022738") -> 9022733#9022738 | AD41: =IFERROR(__xludf.DUMMYFUNCTION("""COMPUTED_VALUE"""),16.0) -> 16 | AE41: =IFERROR(__xludf.DUMMYFUNCTION("""COMPUTED_VALUE"""),46119.0) -> 46119 | AH41: 46119 | AI41: =IF(OR(R41="",AE41=""),"",R41-AE41) -> 0 | AR41: 35 | AS41: 2026 | AT41: 12487853 | AU41: RDR JPP PT3 SIAK_73279 | AV41: REGIONAL I | AW41: =xlookup(AX41,BANTU!B:B,BANTU!A:A) -> PEKANBARU | AX41: SAK | AY41: SUMBAGTENG | AZ41: PEKANBARU | BA41: Batch 2 | BB41: 4 | BC41: 32 | BD41: PT UPAYA TEKNIK | BE41: 5. INSTALASI | BF41: 5.4 Proses Penanaman Tiang | BG41: 23/02 Penanaman tiang 09/02 Antrian Review 29/01 Antrian Review hasil anwidzing (07/01) valins (07/01) Persiapan | BH41: MARET | BI41: 46097
A42: =IFERROR(__xludf.DUMMYFUNCTION("""COMPUTED_VALUE"""),2026.0) -> 2026 | B42: =IFERROR(__xludf.DUMMYFUNCTION("""COMPUTED_VALUE"""),1.1499322E7) -> 11499322 | C42: =IFERROR(__xludf.DUMMYFUNCTION("""COMPUTED_VALUE"""),"SMS PT3 ODC SBU FAS D04 KELEKAR 8 ULU") -> SMS PT3 ODC SBU FAS D04 KELEKAR 8 ULU | D42: =IFERROR(__xludf.DUMMYFUNCTION("""COMPUTED_VALUE"""),"REGIONAL I") -> REGIONAL I | E42: =IFERROR(__xludf.DUMMYFUNCTION("""COMPUTED_VALUE"""),"SUMSEL") -> SUMSEL | F42: =IFERROR(__xludf.DUMMYFUNCTION("""COMPUTED_VALUE"""),"SBU") -> SBU | G42: =IFERROR(__xludf.DUMMYFUNCTION("""COMPUTED_VALUE"""),"SUMBAGSEL") -> SUMBAGSEL | H42: =IFERROR(__xludf.DUMMYFUNCTION("""COMPUTED_VALUE"""),"PALEMBANG") -> PALEMBANG | I42: =IFERROR(__xludf.DUMMYFUNCTION("""COMPUTED_VALUE"""),"Batch 1") -> Batch 1 | J42: =IFERROR(__xludf.DUMMYFUNCTION("""COMPUTED_VALUE"""),1.0) -> 1 | K42: =IFERROR(__xludf.DUMMYFUNCTION("""COMPUTED_VALUE"""),8.0) -> 8 | L42: =IFERROR(__xludf.DUMMYFUNCTION("""COMPUTED_VALUE"""),711590.0) -> 711590 | M42: =IFERROR(__xludf.DUMMYFUNCTION("""COMPUTED_VALUE"""),5692716.0) -> 5692716 | N42: =IFERROR(__xludf.DUMMYFUNCTION("""COMPUTED_VALUE"""),"PT ACERO CETHA METALINDO") -> PT ACERO CETHA METALINDO | O42: =IFERROR(__xludf.DUMMYFUNCTION("""COMPUTED_VALUE"""),"0. DROP") -> 0. DROP | P42: =IFERROR(__xludf.DUMMYFUNCTION("""COMPUTED_VALUE"""),"0.2 Tidak Dapat Izin Warga/Kades/Lurah/Developer") -> 0.2 Tidak Dapat Izin Warga/Kades/Lurah/Developer | Q42: =IFERROR(__xludf.DUMMYFUNCTION("""COMPUTED_VALUE"""),"22/2 kendala perizinan warga 08/02 INFO TL SALES RUBY DROP, 06/02 HASIL REVIEW TSEL MINTA DI SURVEY ULANG BARENG TSEL, 03/02 DONE EVAL, HOLD KARENA DI LOKASI TIDAK ADA SPACE TANAM TIANG 04/02 HOLD - TDK ADA SPACE TANAM TIANG, 30/01 MENUNGGU JDWAL EVAL, "&"25/01 aanwidjzing - tidak ada Space tanam tiang,21/01 AANWIDJZING, (15/1) ORDER DITERIMA MITRA 14/1, plan Aanwijdzing 19 Jan (07/1) ORDER JPP BATTCH 1 2026") -> 22/2 kendala perizinan warga 08/02 INFO TL SALES RUBY DROP, 06/02 HASIL REVIEW TSEL MINTA DI SURVEY ULANG BARENG TSEL, 03/02 DONE EVAL, HOLD KARENA DI LOKASI TIDAK ADA SPACE TANAM TIANG 04/02 HOLD - TDK ADA SPACE TANAM TIANG, 30/01 MENUNGGU JDWAL EVAL, 25/01 aanwidjzing - tidak ada Space tanam tiang,21/01 AANWIDJZING, (15/1) ORDER DITERIMA MITRA 14/1, plan Aanwijdzing 19 Jan (07/1) ORDER JPP BATTCH 1 2026 | V42: =IFERROR(__xludf.DUMMYFUNCTION("""COMPUTED_VALUE"""),"PRIGUS") -> PRIGUS | X42: =IFERROR(__xludf.DUMMYFUNCTION("""COMPUTED_VALUE"""),"BELUM GOLIVE") -> BELUM GOLIVE | Z42: =IFERROR(__xludf.DUMMYFUNCTION("""COMPUTED_VALUE"""),"#N/A") -> #N/A | AF42: =IFERROR(__xludf.DUMMYFUNCTION("""COMPUTED_VALUE"""),"Draft BA DROP") -> Draft BA DROP | AI42: =IF(OR(R42="",AE42=""),"",R42-AE42) | AR42: 36 | AS42: 2026 | AT42: 12204982 | AU42: RDR JPP PT3 SIAK_134261 | AV42: REGIONAL I | AW42: =xlookup(AX42,BANTU!B:B,BANTU!A:A) -> PEKANBARU | AX42: SAK | AY42: SUMBAGTENG | AZ42: PEKANBARU | BA42: Batch 2 | BB42: 10 | BC42: 80 | BD42: PT UPAYA TEKNIK | BE42: 5. INSTALASI | BF42: 5.4 Proses Penanaman Tiang | BG42: 23/02 Penanaman tiang 09/02 Antrian Review 29/01 Antrian Review hasil anwidzing (07/01) Persiapan | BH42: MARET | BI42: 46097
A43: =IFERROR(__xludf.DUMMYFUNCTION("""COMPUTED_VALUE"""),2026.0) -> 2026 | B43: =IFERROR(__xludf.DUMMYFUNCTION("""COMPUTED_VALUE"""),1.1437487E7) -> 11437487 | C43: =IFERROR(__xludf.DUMMYFUNCTION("""COMPUTED_VALUE"""),"SMS PT3 MPA FN D04 OKU TIMUR_13452") -> SMS PT3 MPA FN D04 OKU TIMUR_13452 | D43: =IFERROR(__xludf.DUMMYFUNCTION("""COMPUTED_VALUE"""),"REGIONAL I") -> REGIONAL I | E43: =IFERROR(__xludf.DUMMYFUNCTION("""COMPUTED_VALUE"""),"SUMSEL") -> SUMSEL | F43: =IFERROR(__xludf.DUMMYFUNCTION("""COMPUTED_VALUE"""),"MPA") -> MPA | G43: =IFERROR(__xludf.DUMMYFUNCTION("""COMPUTED_VALUE"""),"SUMBAGSEL") -> SUMBAGSEL | H43: =IFERROR(__xludf.DUMMYFUNCTION("""COMPUTED_VALUE"""),"PALEMBANG") -> PALEMBANG | I43: =IFERROR(__xludf.DUMMYFUNCTION("""COMPUTED_VALUE"""),"Batch 1") -> Batch 1 | J43: =IFERROR(__xludf.DUMMYFUNCTION("""COMPUTED_VALUE"""),2.0) -> 2 | K43: =IFERROR(__xludf.DUMMYFUNCTION("""COMPUTED_VALUE"""),16.0) -> 16 | L43: =IFERROR(__xludf.DUMMYFUNCTION("""COMPUTED_VALUE"""),720393.0) -> 720393 | M43: =IFERROR(__xludf.DUMMYFUNCTION("""COMPUTED_VALUE"""),1.1526279E7) -> 11526279 | N43: =IFERROR(__xludf.DUMMYFUNCTION("""COMPUTED_VALUE"""),"PT GARINDO TECHNO MANDIRI") -> PT GARINDO TECHNO MANDIRI | O43: =IFERROR(__xludf.DUMMYFUNCTION("""COMPUTED_VALUE"""),"7. GOLIVE") -> 7. GOLIVE | P43: =IFERROR(__xludf.DUMMYFUNCTION("""COMPUTED_VALUE"""),"7.2 Golive Full / OA / DONE OTB") -> 7.2 Golive Full / OA / DONE OTB | Q43: =IFERROR(__xludf.DUMMYFUNCTION("""COMPUTED_VALUE"""),"10/03 GOLIVE, 09/03 MENUNGGU GOLIVE, 07/03 DONE SUBMIT ABD KE SDI, 06/03 PROGRESS JOINT ODP, 06/03 DONE PENANAMAN 5 TIANG, PENARIKAN KABEL 425M DAN PEMASANGAN AKSESORIS, 05/03 MENUNGGU ANTRIAN PEKERJAAN, 04/03 MATERIAL ONSITE, 03/03 MATDEL, 02/03 HARI INI"&" AMBIL TIANG, 27/02 DONE RFC,OGP AMBIL MATERIAL EST TGL 02/03, 26/02 MENUNGGU RFC UTK PENGAMBILAN MATERIAL, 25/02 MASIH MENUNGGU TIANG, 24/02 LANJUT PROGRESS SDH ADA RFC DAN MENUNGGU TIANG, 23/02 BELUM INPUT MATERIAL TIANG KRNA TIANG HABIS, 22/2 menunggu "&"material TIANG 20/02 DONE INPUT MATERIAL, 18/02 PROGRESS INPUT MATERIAL - KENDALA OVER BUDGET, 18/02 BELUM BISA INPUT MATERIAL - MSH MENUNGGU PA, 11/2 menunggu PRPO 10/02 MASIH PROGRESS DRM, 4/2 Sudah evall, lanjut Deploy 30/01 MENUNGGU EVAL - PLAN TGL"&" 02 FEB, (26/1) tim TIF belum bisa EVAL hasil anwijzing karena lagi diluar kota , estimasi 29 jan baru kembali ke Palembang(24/1) sudah aanwijdzing, perubahan jalur (15/1) SUDAH AANWIDJZING, MENUNGGU HASIL EVAL PALIM LAMBAT TANGGAL 23 JAN (15/1) ORDER "&"DITERIMA MITRA 14/1,MENUNGGU PLAN AANWIJDZING (07/1) ORDER JPP BATTCH 1 2026") -> 10/03 GOLIVE, 09/03 MENUNGGU GOLIVE, 07/03 DONE SUBMIT ABD KE SDI, 06/03 PROGRESS JOINT ODP, 06/03 DONE PENANAMAN 5 TIANG, PENARIKAN KABEL 425M DAN PEMASANGAN AKSESORIS, 05/03 MENUNGGU ANTRIAN PEKERJAAN, 04/03 MATERIAL ONSITE, 03/03 MATDEL, 02/03 HARI INI AMBIL TIANG, 27/02 DONE RFC,OGP AMBIL MATERIAL EST TGL 02/03, 26/02 MENUNGGU RFC UTK PENGAMBILAN MATERIAL, 25/02 MASIH MENUNGGU TIANG, 24/02 LANJUT PROGRESS SDH ADA RFC DAN MENUNGGU TIANG, 23/02 BELUM INPUT MATERIAL TIANG KRNA TIANG HABIS, 22/2 menunggu material TIANG 20/02 DONE INPUT MATERIAL, 18/02 PROGRESS INPUT MATERIAL - KENDALA OVER BUDGET, 18/02 BELUM BISA INPUT MATERIAL - MSH MENUNGGU PA, 11/2 menunggu PRPO 10/02 MASIH PROGRESS DRM, 4/2 Sudah evall, lanjut Deploy 30/01 MENUNGGU EVAL - PLAN TGL 02 FEB, (26/1) tim TIF belum bisa EVAL hasil anwijzing karena lagi diluar kota , estimasi 29 jan baru kembali ke Palembang(24/1) sudah aanwijdzing, perubahan jalur (15/1) SUDAH AANWIDJZING, MENUNGGU HASIL EVAL PALIM LAMBAT TANGGAL 23 JAN (15/1) ORDER DITERIMA MITRA 14/1,MENUNGGU PLAN AANWIJDZING (07/1) ORDER JPP BATTCH 1 2026 | R43: =IFERROR(__xludf.DUMMYFUNCTION("""COMPUTED_VALUE"""),46093.0) -> 46093 | S43: =IFERROR(__xludf.DUMMYFUNCTION("""COMPUTED_VALUE"""),"MAR") -> MAR | V43: =IFERROR(__xludf.DUMMYFUNCTION("""COMPUTED_VALUE"""),"TANTOWI") -> TANTOWI | X43: =IFERROR(__xludf.DUMMYFUNCTION("""COMPUTED_VALUE"""),"GOLIVE") -> GOLIVE | Y43: =IFERROR(__xludf.DUMMYFUNCTION("""COMPUTED_VALUE"""),"DONE") -> DONE | Z43: =IFERROR(__xludf.DUMMYFUNCTION("""COMPUTED_VALUE"""),"#N/A") -> #N/A | AA43: =IFERROR(__xludf.DUMMYFUNCTION("""COMPUTED_VALUE"""),2.0) -> 2 | AC43: =IFERROR(__xludf.DUMMYFUNCTION("""COMPUTED_VALUE"""),"9022271#9022276") -> 9022271#9022276 | AD43: =IFERROR(__xludf.DUMMYFUNCTION("""COMPUTED_VALUE"""),16.0) -> 16 | AE43: =IFERROR(__xludf.DUMMYFUNCTION("""COMPUTED_VALUE"""),46088.0) -> 46088 | AH43: 46093 | AI43: =IF(OR(R43="",AE43=""),"",R43-AE43) -> 5 | AR43: 37 | AS43: 2026 | AT43: 11539784 | AU43: RKP PT3 TSEL LBJ-FBS BENGKONG ASRAMA | AV43: REGIONAL I | AW43: =xlookup(AX43,BANTU!B:B,BANTU!A:A) -> BATAM | AX43: LBJ | AY43: SUMBAGTENG | AZ43: BATAM | BA43: Batch 2 | BB43: 4 | BC43: 32 | BD43: PT HDUA PUTRA PRAJODA | BE43: 4. MATDEL | BF43: 4.1 Belum Request Material (Alista) | BG43: 16/02 Izin OK, permintaan perapihan DC. 11/02 Peralihan mitra. 28/01 Plan survey 29 Jan. 28/01 Mitra tripola belum ada PIC untuk anwijzing. 23/01 Plan anwijzing 26 Jan, pic mitra ada pertanggal 25 jan. 21/01 proses penunjukan mitra | BH43: MARET | BI43: 46098 | BL43: 32
A44: =IFERROR(__xludf.DUMMYFUNCTION("""COMPUTED_VALUE"""),2026.0) -> 2026 | B44: =IFERROR(__xludf.DUMMYFUNCTION("""COMPUTED_VALUE"""),1.0386343E7) -> 10386343 | C44: =IFERROR(__xludf.DUMMYFUNCTION("""COMPUTED_VALUE"""),"SMB P4I1 MYIR-10471642720001-YOFIE EFFENDI") -> SMB P4I1 MYIR-10471642720001-YOFIE EFFENDI | D44: =IFERROR(__xludf.DUMMYFUNCTION("""COMPUTED_VALUE"""),"REGIONAL I") -> REGIONAL I | E44: =IFERROR(__xludf.DUMMYFUNCTION("""COMPUTED_VALUE"""),"SUMBAR") -> SUMBAR | F44: =IFERROR(__xludf.DUMMYFUNCTION("""COMPUTED_VALUE"""),"BDT") -> BDT | G44: =IFERROR(__xludf.DUMMYFUNCTION("""COMPUTED_VALUE"""),"SUMBAGTENG") -> SUMBAGTENG | H44: =IFERROR(__xludf.DUMMYFUNCTION("""COMPUTED_VALUE"""),"BUKIT TINGGI") -> BUKIT TINGGI | I44: =IFERROR(__xludf.DUMMYFUNCTION("""COMPUTED_VALUE"""),"Batch 1") -> Batch 1 | J44: =IFERROR(__xludf.DUMMYFUNCTION("""COMPUTED_VALUE"""),1.0) -> 1 | K44: =IFERROR(__xludf.DUMMYFUNCTION("""COMPUTED_VALUE"""),40.0) -> 40 | L44: =IFERROR(__xludf.DUMMYFUNCTION("""COMPUTED_VALUE"""),598481.0) -> 598481 | M44: =IFERROR(__xludf.DUMMYFUNCTION("""COMPUTED_VALUE"""),2.3939202E7) -> 23939202 | N44: =IFERROR(__xludf.DUMMYFUNCTION("""COMPUTED_VALUE"""),"PT TRI PENAMAS") -> PT TRI PENAMAS | O44: =IFERROR(__xludf.DUMMYFUNCTION("""COMPUTED_VALUE"""),"8. UJI TERIMA") -> 8. UJI TERIMA | P44: =IFERROR(__xludf.DUMMYFUNCTION("""COMPUTED_VALUE"""),"8.1 Proses UT") -> 8.1 Proses UT | Q44: =IFERROR(__xludf.DUMMYFUNCTION("""COMPUTED_VALUE"""),"(18/02) ABD Done ke SDI (29/01) Proses create PID (29/01) proses aanwijziing ") -> (18/02) ABD Done ke SDI (29/01) Proses create PID (29/01) proses aanwijziing | R44: =IFERROR(__xludf.DUMMYFUNCTION("""COMPUTED_VALUE"""),46068.0) -> 46068 | U44: =IFERROR(__xludf.DUMMYFUNCTION("""COMPUTED_VALUE"""),"TIF-3046/2026 26KT03R158-0054") -> TIF-3046/2026 26KT03R158-0054 | V44: =IFERROR(__xludf.DUMMYFUNCTION("""COMPUTED_VALUE"""),"FABIO RAHMAN") -> FABIO RAHMAN | W44: =IFERROR(__xludf.DUMMYFUNCTION("""COMPUTED_VALUE"""),"MELKO NARWADI") -> MELKO NARWADI | X44: =IFERROR(__xludf.DUMMYFUNCTION("""COMPUTED_VALUE"""),"GOLIVE") -> GOLIVE | Y44: =IFERROR(__xludf.DUMMYFUNCTION("""COMPUTED_VALUE"""),"DONE") -> DONE | Z44: =IFERROR(__xludf.DUMMYFUNCTION("""COMPUTED_VALUE"""),"#N/A") -> #N/A | AA44: =IFERROR(__xludf.DUMMYFUNCTION("""COMPUTED_VALUE"""),1.0) -> 1 | AC44: =IFERROR(__xludf.DUMMYFUNCTION("""COMPUTED_VALUE"""),"9119093#9119098") -> 9119093#9119098 | AD44: =IFERROR(__xludf.DUMMYFUNCTION("""COMPUTED_VALUE"""),8.0) -> 8 | AE44: =IFERROR(__xludf.DUMMYFUNCTION("""COMPUTED_VALUE"""),46071.0) -> 46071 | AH44: 46068 | AI44: =IF(OR(R44="",AE44=""),"",R44-AE44) -> -3 | AR44: 38 | AS44: 2026 | AT44: 12792159 | AU44: RKP TSEL PT3 LBJ-FCW 250_519_4039 | AV44: REGIONAL I | AW44: =xlookup(AX44,BANTU!B:B,BANTU!A:A) -> BATAM | AX44: LBJ | AY44: SUMBAGTENG | AZ44: BATAM | BA44: Batch 3 | BB44: 3 | BC44: 24 | BD44: PT HDUA PUTRA PRAJODA | BE44: 6. FINISH INSTALASI | BF44: 7.1 Golive Full | BG44: 09/03 Terminasi hari ini dan FI hari ini. 04/03 izin OK proses pengecekan core, tim masih serial .19/02 Izin OK. 16/02 Plan anwijzing 19 Feb. 11/02 Peralihan mitra. 28/01 Mitra tripola belum ada PIC untuk anwijzing. 23/01 Plan anwijzing 26 Jan, pic mitra ada pertanggal 25 jan. 21/01 proses penunjukan mitra 11/02 Peralihan mitra. 28/01 Mitra tripola belum ada PIC untuk anwijzing. 23/01 Plan anwijzing 26 Jan, pic mitra ada pertanggal 25 jan. 21/01 proses penunjukan mitra | BH44: MARET | BI44: 46111 | BK44: GOLIVE | BL44: 24
A45: =IFERROR(__xludf.DUMMYFUNCTION("""COMPUTED_VALUE"""),2026.0) -> 2026 | B45: =IFERROR(__xludf.DUMMYFUNCTION("""COMPUTED_VALUE"""),1.1291829E7) -> 11291829 | C45: =IFERROR(__xludf.DUMMYFUNCTION("""COMPUTED_VALUE"""),"SMS PT3 ODC KTU FDN D03 DREAMLAND 1") -> SMS PT3 ODC KTU FDN D03 DREAMLAND 1 | D45: =IFERROR(__xludf.DUMMYFUNCTION("""COMPUTED_VALUE"""),"REGIONAL I") -> REGIONAL I | E45: =IFERROR(__xludf.DUMMYFUNCTION("""COMPUTED_VALUE"""),"SUMSEL") -> SUMSEL | F45: =IFERROR(__xludf.DUMMYFUNCTION("""COMPUTED_VALUE"""),"KTU") -> KTU | G45: =IFERROR(__xludf.DUMMYFUNCTION("""COMPUTED_VALUE"""),"SUMBAGSEL") -> SUMBAGSEL | H45: =IFERROR(__xludf.DUMMYFUNCTION("""COMPUTED_VALUE"""),"PALEMBANG") -> PALEMBANG | I45: =IFERROR(__xludf.DUMMYFUNCTION("""COMPUTED_VALUE"""),"Batch 1") -> Batch 1 | J45: =IFERROR(__xludf.DUMMYFUNCTION("""COMPUTED_VALUE"""),9.0) -> 9 | K45: =IFERROR(__xludf.DUMMYFUNCTION("""COMPUTED_VALUE"""),72.0) -> 72 | L45: =IFERROR(__xludf.DUMMYFUNCTION("""COMPUTED_VALUE"""),523374.0) -> 523374 | M45: =IFERROR(__xludf.DUMMYFUNCTION("""COMPUTED_VALUE"""),3.7682905E7) -> 37682905 | N45: =IFERROR(__xludf.DUMMYFUNCTION("""COMPUTED_VALUE"""),"PT SARANA MITRA PERSADA") -> PT SARANA MITRA PERSADA | O45: =IFERROR(__xludf.DUMMYFUNCTION("""COMPUTED_VALUE"""),"0. DROP") -> 0. DROP | P45: =IFERROR(__xludf.DUMMYFUNCTION("""COMPUTED_VALUE"""),"0.2 Tidak Dapat Izin Warga/Kades/Lurah/Developer") -> 0.2 Tidak Dapat Izin Warga/Kades/Lurah/Developer | Q45: =IFERROR(__xludf.DUMMYFUNCTION("""COMPUTED_VALUE"""),"26/03 MASIH BLM ADA INFO TERKAIT IZIN DEVELOPER, 24/03 MASIH BLM ADA INFO TERKAIT IZIN DEVELOPER, 21/03 BLM ADA KEPASTIAN IZIN DARI DEVELOPER, 16/03 MSH BLM ADA INFO DARI DEVELOPER, 13/03 HOLD - MSH BLM ADA INFO DARI DEVELOPER, 02/03 OGP REVIEW TIF, 27/02"&" HOLD, MASIH BLM ADA INFO DARI DEVELOPER, 06/02 HASIL REVIEW TSEL - NEED HELP TIM HH UTK FOLLOW UP PERIZINAN DEVELOPER APC, 30/01 DONE AANWIJZING, TETAPI PD SAAT AANWIZJING TIDAK DAPAT IZIN DARI PIHAK DEPLOVER, SDH KONFIRM SALES (MAYA) UNTUK BANTU IZIN PI"&"HAK DEPLOVER 31/01 menunguu izin dari devloper 30/01 saat ketemu dg pihak depover dri pihak deplover belum kasih izin, skrng lgi koordinasi dg tim sales untuk bantu izin ke pohak deplover, (21/01) PERIZINAN DEVELOPER, (20/01) DONE AANWIDJZING, (15/1) ORDE"&"R DITERIMA 14/1, PLAN AANWIJDZING 19 JAN 26 (07/1) ORDER JPP BATTCH 1 2026 14/01 penunjukan mitra oleh procurement") -> 26/03 MASIH BLM ADA INFO TERKAIT IZIN DEVELOPER, 24/03 MASIH BLM ADA INFO TERKAIT IZIN DEVELOPER, 21/03 BLM ADA KEPASTIAN IZIN DARI DEVELOPER, 16/03 MSH BLM ADA INFO DARI DEVELOPER, 13/03 HOLD - MSH BLM ADA INFO DARI DEVELOPER, 02/03 OGP REVIEW TIF, 27/02 HOLD, MASIH BLM ADA INFO DARI DEVELOPER, 06/02 HASIL REVIEW TSEL - NEED HELP TIM HH UTK FOLLOW UP PERIZINAN DEVELOPER APC, 30/01 DONE AANWIJZING, TETAPI PD SAAT AANWIZJING TIDAK DAPAT IZIN DARI PIHAK DEPLOVER, SDH KONFIRM SALES (MAYA) UNTUK BANTU IZIN PIHAK DEPLOVER 31/01 menunguu izin dari devloper 30/01 saat ketemu dg pihak depover dri pihak deplover belum kasih izin, skrng lgi koordinasi dg tim sales untuk bantu izin ke pohak deplover, (21/01) PERIZINAN DEVELOPER, (20/01) DONE AANWIDJZING, (15/1) ORDER DITERIMA 14/1, PLAN AANWIJDZING 19 JAN 26 (07/1) ORDER JPP BATTCH 1 2026 14/01 penunjukan mitra oleh procurement | V45: =IFERROR(__xludf.DUMMYFUNCTION("""COMPUTED_VALUE"""),"TANTOWI") -> TANTOWI | X45: =IFERROR(__xludf.DUMMYFUNCTION("""COMPUTED_VALUE"""),"BELUM GOLIVE") -> BELUM GOLIVE | Z45: =IFERROR(__xludf.DUMMYFUNCTION("""COMPUTED_VALUE"""),"#N/A") -> #N/A | AF45: =IFERROR(__xludf.DUMMYFUNCTION("""COMPUTED_VALUE"""),"Draft BA DROP") -> Draft BA DROP | AI45: =IF(OR(R45="",AE45=""),"",R45-AE45) | AR45: 39 | AS45: 2026 | AT45: 11454674 | AU45: RKP PT3 TSEL TBK-FZ NICOLIA KARIMUN | AV45: REGIONAL I | AX45: TBK | AY45: SUMBAGTENG | AZ45: BATAM | BA45: Batch 2 | BB45: 4 | BC45: 32 | BD45: PT DWI MITRA JAYA UTAMA | BF45: 7.1 Golive Full | BG45: 10/03 Proses valins. 09/03 Terminasi ODP. 03/03 Penanaman tiang. 18/02 Izin di FU kembali tapi kantor developer masih tutup imlek. 16/02 developer meminta untuk perizinan ke kantor batam. 09/02 FU kembali izin besok 10 Feb karena PIC sedang fokus installasi. 28/01 Plan survey tanggal 29 Jan. 21/01 plan anwijzing 26 jan, peralihan mitra | BH45: MARET | BJ45: 46093 | BK45: GOLIVE
A46: =IFERROR(__xludf.DUMMYFUNCTION("""COMPUTED_VALUE"""),2026.0) -> 2026 | B46: =IFERROR(__xludf.DUMMYFUNCTION("""COMPUTED_VALUE"""),1.1291774E7) -> 11291774 | C46: =IFERROR(__xludf.DUMMYFUNCTION("""COMPUTED_VALUE"""),"SMS PT3 ODC KTU FDN KOTA PALEMBANG_293") -> SMS PT3 ODC KTU FDN KOTA PALEMBANG_293 | D46: =IFERROR(__xludf.DUMMYFUNCTION("""COMPUTED_VALUE"""),"REGIONAL I") -> REGIONAL I | E46: =IFERROR(__xludf.DUMMYFUNCTION("""COMPUTED_VALUE"""),"SUMSEL") -> SUMSEL | F46: =IFERROR(__xludf.DUMMYFUNCTION("""COMPUTED_VALUE"""),"KTU") -> KTU | G46: =IFERROR(__xludf.DUMMYFUNCTION("""COMPUTED_VALUE"""),"SUMBAGSEL") -> SUMBAGSEL | H46: =IFERROR(__xludf.DUMMYFUNCTION("""COMPUTED_VALUE"""),"PALEMBANG") -> PALEMBANG | I46: =IFERROR(__xludf.DUMMYFUNCTION("""COMPUTED_VALUE"""),"Batch 1") -> Batch 1 | J46: =IFERROR(__xludf.DUMMYFUNCTION("""COMPUTED_VALUE"""),38.0) -> 38 | K46: =IFERROR(__xludf.DUMMYFUNCTION("""COMPUTED_VALUE"""),304.0) -> 304 | L46: =IFERROR(__xludf.DUMMYFUNCTION("""COMPUTED_VALUE"""),529756.0) -> 529756 | M46: =IFERROR(__xludf.DUMMYFUNCTION("""COMPUTED_VALUE"""),1.61045793E8) -> 161045793 | N46: =IFERROR(__xludf.DUMMYFUNCTION("""COMPUTED_VALUE"""),"PT SARANA MITRA PERSADA") -> PT SARANA MITRA PERSADA | O46: =IFERROR(__xludf.DUMMYFUNCTION("""COMPUTED_VALUE"""),"0. DROP") -> 0. DROP | P46: =IFERROR(__xludf.DUMMYFUNCTION("""COMPUTED_VALUE"""),"0.2 Tidak Dapat Izin Warga/Kades/Lurah/Developer") -> 0.2 Tidak Dapat Izin Warga/Kades/Lurah/Developer | Q46: =IFERROR(__xludf.DUMMYFUNCTION("""COMPUTED_VALUE"""),"06/03 PERNAH MICRODEMAND 2025, IZIN PERMIT BAKP RT DAN RW DAN 5 ORG KETUA KOMPLEK MEMINTA UANG KOMPENSASI SEBESAR 3JT, TOTAL NILAI KOMPENSASI 21JT, 24/02 PERNAH MICRODEMAND 2025, IZIN PERMIT BAKP RT DAN RW DAN 5 ORG KETUA KOMPLEK MEMINTA UANG KOMPENSASI S"&"EBESAR 3JT, TOTAL NILAI KOMPENSASI 21JT, 06/02 HASIL REVIEW TSEL DROP KRN HIGH COMCASE - 30/01 DONE AANWIJZING, ADA PRELIM 25 JT UNTUK 5 RT 30/01 DONE AANWIJZING, ADA PRELIM 25 JT UNTUK 5 RT, 27/01 DROP, KRNA KOMPENSASI 21JT, (20/01) DONE AANWIDJZING, (15"&"/1) ORDER DITERIMA 14/1, PLAN AANWIJDZING 19 JAN 26(07/1) ORDER JPP BATTCH 1 2026 14/01 penunjukan mitra oleh procurement") -> 06/03 PERNAH MICRODEMAND 2025, IZIN PERMIT BAKP RT DAN RW DAN 5 ORG KETUA KOMPLEK MEMINTA UANG KOMPENSASI SEBESAR 3JT, TOTAL NILAI KOMPENSASI 21JT, 24/02 PERNAH MICRODEMAND 2025, IZIN PERMIT BAKP RT DAN RW DAN 5 ORG KETUA KOMPLEK MEMINTA UANG KOMPENSASI SEBESAR 3JT, TOTAL NILAI KOMPENSASI 21JT, 06/02 HASIL REVIEW TSEL DROP KRN HIGH COMCASE - 30/01 DONE AANWIJZING, ADA PRELIM 25 JT UNTUK 5 RT 30/01 DONE AANWIJZING, ADA PRELIM 25 JT UNTUK 5 RT, 27/01 DROP, KRNA KOMPENSASI 21JT, (20/01) DONE AANWIDJZING, (15/1) ORDER DITERIMA 14/1, PLAN AANWIJDZING 19 JAN 26(07/1) ORDER JPP BATTCH 1 2026 14/01 penunjukan mitra oleh procurement | V46: =IFERROR(__xludf.DUMMYFUNCTION("""COMPUTED_VALUE"""),"TANTOWI") -> TANTOWI | X46: =IFERROR(__xludf.DUMMYFUNCTION("""COMPUTED_VALUE"""),"BELUM GOLIVE") -> BELUM GOLIVE | Z46: =IFERROR(__xludf.DUMMYFUNCTION("""COMPUTED_VALUE"""),"#N/A") -> #N/A | AF46: =IFERROR(__xludf.DUMMYFUNCTION("""COMPUTED_VALUE"""),"Draft BA DROP") -> Draft BA DROP | AI46: =IF(OR(R46="",AE46=""),"",R46-AE46) | AR46: 40 | AS46: 2026 | AT46: 12101473 | AU46: SMB-PT3-ODC-SIR-FB-250_175_2530 | AV46: REGIONAL I | AW46: SUMBAR | AX46: SIR | AY46: SUMBAGTENG | AZ46: BUKIT TINGGI | BA46: Batch 2 | BB46: 2 | BC46: 16 | BD46: PT RATRI PRIMA MANDIRI | BE46: 7. GOLIVE | BF46: 7.1 Golive Full | BG46: (06/03) Proses create PID (05/03) proses aanwijziing plan selesai 07/03 (02/03) proses aanwijziing (26/01) DROP, permintaan tsel (tidak potensial) | BH46: MARET | BJ46: 46094 | BK46: GOLIVE | BL46: 2312
A47: =IFERROR(__xludf.DUMMYFUNCTION("""COMPUTED_VALUE"""),2026.0) -> 2026 | B47: =IFERROR(__xludf.DUMMYFUNCTION("""COMPUTED_VALUE"""),1.1291283E7) -> 11291283 | C47: =IFERROR(__xludf.DUMMYFUNCTION("""COMPUTED_VALUE"""),"LAMPUNG SELATAN_9033") -> LAMPUNG SELATAN_9033 | D47: =IFERROR(__xludf.DUMMYFUNCTION("""COMPUTED_VALUE"""),"REGIONAL I") -> REGIONAL I | E47: =IFERROR(__xludf.DUMMYFUNCTION("""COMPUTED_VALUE"""),"LAMPUNG") -> LAMPUNG | F47: =IFERROR(__xludf.DUMMYFUNCTION("""COMPUTED_VALUE"""),"KLA") -> KLA | G47: =IFERROR(__xludf.DUMMYFUNCTION("""COMPUTED_VALUE"""),"SUMBAGSEL") -> SUMBAGSEL | H47: =IFERROR(__xludf.DUMMYFUNCTION("""COMPUTED_VALUE"""),"LAMPUNG") -> LAMPUNG | I47: =IFERROR(__xludf.DUMMYFUNCTION("""COMPUTED_VALUE"""),"Batch 1") -> Batch 1 | J47: =IFERROR(__xludf.DUMMYFUNCTION("""COMPUTED_VALUE"""),9.0) -> 9 | K47: =IFERROR(__xludf.DUMMYFUNCTION("""COMPUTED_VALUE"""),72.0) -> 72 | L47: =IFERROR(__xludf.DUMMYFUNCTION("""COMPUTED_VALUE"""),662613.0) -> 662613 | M47: =IFERROR(__xludf.DUMMYFUNCTION("""COMPUTED_VALUE"""),4.7708094E7) -> 47708094 | N47: =IFERROR(__xludf.DUMMYFUNCTION("""COMPUTED_VALUE"""),"PT ACERO CETHA METALINDO") -> PT ACERO CETHA METALINDO | O47: =IFERROR(__xludf.DUMMYFUNCTION("""COMPUTED_VALUE"""),"0. DROP") -> 0. DROP | P47: =IFERROR(__xludf.DUMMYFUNCTION("""COMPUTED_VALUE"""),"0.2 Tidak Dapat Izin Warga/Kades/Lurah/Developer") -> 0.2 Tidak Dapat Izin Warga/Kades/Lurah/Developer | Q47: =IFERROR(__xludf.DUMMYFUNCTION("""COMPUTED_VALUE"""),"28/2 kendala perijininan dari kades dan Lurah setempat 18/2 konfirmasi tif untuk penambahan modul 6/2 butuh penambahan modul 30/1 butuh penambahan modul 19/1 KENDALA OLT HABIS") -> 28/2 kendala perijininan dari kades dan Lurah setempat 18/2 konfirmasi tif untuk penambahan modul 6/2 butuh penambahan modul 30/1 butuh penambahan modul 19/1 KENDALA OLT HABIS | X47: =IFERROR(__xludf.DUMMYFUNCTION("""COMPUTED_VALUE"""),"BELUM GOLIVE") -> BELUM GOLIVE | Y47: =IFERROR(__xludf.DUMMYFUNCTION("""COMPUTED_VALUE"""),"PORT OLT Penuh") -> PORT OLT Penuh | Z47: =IFERROR(__xludf.DUMMYFUNCTION("""COMPUTED_VALUE"""),"#N/A") -> #N/A | AF47: =IFERROR(__xludf.DUMMYFUNCTION("""COMPUTED_VALUE"""),"Draft BA DROP") -> Draft BA DROP | AI47: =IF(OR(R47="",AE47=""),"",R47-AE47) | AR47: 41 | AS47: 2026 | AT47: 11513574 | AU47: SMB P3I1 Elproperty Cluster Lubeg | AV47: REGIONAL I | AW47: SUMBAR | AX47: BDT | AY47: SUMBAGTENG | AZ47: PADANG | BA47: Batch 2 | BB47: 3 | BC47: 24 | BD47: PT ACERO METALINDO | BE47: 7. GOLIVE | BF47: 7.1 Golive Full | BG47: (06/03) Proses create PID (05/03) proses aanwijziing plan selesai 07/03 (02/03) proses aanwijziing (26/01) DROP, permintaan tsel (tidak potensial) | BH47: MARET | BJ47: 46096 | BK47: GOLIVE
A48: =IFERROR(__xludf.DUMMYFUNCTION("""COMPUTED_VALUE"""),2026.0) -> 2026 | B48: =IFERROR(__xludf.DUMMYFUNCTION("""COMPUTED_VALUE"""),1.1280274E7) -> 11280274 | C48: =IFERROR(__xludf.DUMMYFUNCTION("""COMPUTED_VALUE"""),"SMS PT3 ODC MEM FC D01 LAHAT_13485") -> SMS PT3 ODC MEM FC D01 LAHAT_13485 | D48: =IFERROR(__xludf.DUMMYFUNCTION("""COMPUTED_VALUE"""),"REGIONAL I") -> REGIONAL I | E48: =IFERROR(__xludf.DUMMYFUNCTION("""COMPUTED_VALUE"""),"SUMSEL") -> SUMSEL | F48: =IFERROR(__xludf.DUMMYFUNCTION("""COMPUTED_VALUE"""),"MEM") -> MEM | G48: =IFERROR(__xludf.DUMMYFUNCTION("""COMPUTED_VALUE"""),"SUMBAGSEL") -> SUMBAGSEL | H48: =IFERROR(__xludf.DUMMYFUNCTION("""COMPUTED_VALUE"""),"PALEMBANG") -> PALEMBANG | I48: =IFERROR(__xludf.DUMMYFUNCTION("""COMPUTED_VALUE"""),"Batch 1") -> Batch 1 | J48: =IFERROR(__xludf.DUMMYFUNCTION("""COMPUTED_VALUE"""),2.0) -> 2 | K48: =IFERROR(__xludf.DUMMYFUNCTION("""COMPUTED_VALUE"""),16.0) -> 16 | L48: =IFERROR(__xludf.DUMMYFUNCTION("""COMPUTED_VALUE"""),486730.0) -> 486730 | M48: =IFERROR(__xludf.DUMMYFUNCTION("""COMPUTED_VALUE"""),7787676.0) -> 7787676 | N48: =IFERROR(__xludf.DUMMYFUNCTION("""COMPUTED_VALUE"""),"PT ACERO CETHA METALINDO") -> PT ACERO CETHA METALINDO | O48: =IFERROR(__xludf.DUMMYFUNCTION("""COMPUTED_VALUE"""),"0. DROP") -> 0. DROP | P48: =IFERROR(__xludf.DUMMYFUNCTION("""COMPUTED_VALUE"""),"0.2 Tidak Dapat Izin Warga/Kades/Lurah/Developer") -> 0.2 Tidak Dapat Izin Warga/Kades/Lurah/Developer | Q48: =IFERROR(__xludf.DUMMYFUNCTION("""COMPUTED_VALUE"""),"10/03 DROP FEEDER FULL, 24/02 DROP FEEDER FULL, 06/02 HASIL REVIEW TSEL DROP FEEDER FULL, 03/02 DONE EVAL, DROP KARENA STUB CORE FEEDER HABIS, 14/01 stub feeder habis 03/02 DONE EVAL, DROP KARENA STUB CORE FEEDER HABIS, (29/1)kendala feeder full 28/01 OGP"&" AANWIDJZING, (20/01) Swakelola Pak Yopie Acero (15/1) MITRA GTM OVERLOAD (15/1) ORDER DITERIMA MITRA 14/1,MENUNGGU PLAN AANWIJDZING (07/1) ORDER JPP BATTCH 1 2026") -> 10/03 DROP FEEDER FULL, 24/02 DROP FEEDER FULL, 06/02 HASIL REVIEW TSEL DROP FEEDER FULL, 03/02 DONE EVAL, DROP KARENA STUB CORE FEEDER HABIS, 14/01 stub feeder habis 03/02 DONE EVAL, DROP KARENA STUB CORE FEEDER HABIS, (29/1)kendala feeder full 28/01 OGP AANWIDJZING, (20/01) Swakelola Pak Yopie Acero (15/1) MITRA GTM OVERLOAD (15/1) ORDER DITERIMA MITRA 14/1,MENUNGGU PLAN AANWIJDZING (07/1) ORDER JPP BATTCH 1 2026 | V48: =IFERROR(__xludf.DUMMYFUNCTION("""COMPUTED_VALUE"""),"ILHAM") -> ILHAM | X48: =IFERROR(__xludf.DUMMYFUNCTION("""COMPUTED_VALUE"""),"BELUM GOLIVE") -> BELUM GOLIVE | Z48: =IFERROR(__xludf.DUMMYFUNCTION("""COMPUTED_VALUE"""),"#N/A") -> #N/A | AF48: =IFERROR(__xludf.DUMMYFUNCTION("""COMPUTED_VALUE"""),"Draft BA DROP") -> Draft BA DROP | AI48: =IF(OR(R48="",AE48=""),"",R48-AE48) | AR48: 42 | AS48: 2026 | AT48: 12037076 | AU48: SMB STTF EXPAND TAMBAHAN TKU-FA | AV48: REGIONAL I | AW48: SUMBAR | AX48: TKU | AY48: SUMBAGTENG | AZ48: BUKIT TINGGI | BA48: Batch 2 | BB48: 17 | BC48: 136 | BD48: PT TIGA AKSES MANDIRI | BE48: 7. GOLIVE | BF48: 7.1 Golive Full | BH48: MARET | BJ48: 46112 | BK48: GOLIVE
A49: =IFERROR(__xludf.DUMMYFUNCTION("""COMPUTED_VALUE"""),2026.0) -> 2026 | B49: =IFERROR(__xludf.DUMMYFUNCTION("""COMPUTED_VALUE"""),1.1281252E7) -> 11281252 | C49: =IFERROR(__xludf.DUMMYFUNCTION("""COMPUTED_VALUE"""),"SMS PT3 ODC PLJ FBD D01 PEMATANG PALAS") -> SMS PT3 ODC PLJ FBD D01 PEMATANG PALAS | D49: =IFERROR(__xludf.DUMMYFUNCTION("""COMPUTED_VALUE"""),"REGIONAL I") -> REGIONAL I | E49: =IFERROR(__xludf.DUMMYFUNCTION("""COMPUTED_VALUE"""),"SUMSEL") -> SUMSEL | F49: =IFERROR(__xludf.DUMMYFUNCTION("""COMPUTED_VALUE"""),"PLJ") -> PLJ | G49: =IFERROR(__xludf.DUMMYFUNCTION("""COMPUTED_VALUE"""),"SUMBAGSEL") -> SUMBAGSEL | H49: =IFERROR(__xludf.DUMMYFUNCTION("""COMPUTED_VALUE"""),"PALEMBANG") -> PALEMBANG | I49: =IFERROR(__xludf.DUMMYFUNCTION("""COMPUTED_VALUE"""),"Batch 1") -> Batch 1 | J49: =IFERROR(__xludf.DUMMYFUNCTION("""COMPUTED_VALUE"""),2.0) -> 2 | K49: =IFERROR(__xludf.DUMMYFUNCTION("""COMPUTED_VALUE"""),16.0) -> 16 | L49: =IFERROR(__xludf.DUMMYFUNCTION("""COMPUTED_VALUE"""),803697.0) -> 803697 | M49: =IFERROR(__xludf.DUMMYFUNCTION("""COMPUTED_VALUE"""),1.2859138E7) -> 12859138 | N49: =IFERROR(__xludf.DUMMYFUNCTION("""COMPUTED_VALUE"""),"PT ACERO CETHA METALINDO") -> PT ACERO CETHA METALINDO | O49: =IFERROR(__xludf.DUMMYFUNCTION("""COMPUTED_VALUE"""),"0. DROP") -> 0. DROP | P49: =IFERROR(__xludf.DUMMYFUNCTION("""COMPUTED_VALUE"""),"0.1 Double Order") -> 0.1 Double Order | Q49: =IFERROR(__xludf.DUMMYFUNCTION("""COMPUTED_VALUE"""),"06/02 HASIL REVIEW TSEL DROP - SOLUSI PT2, 27/01 DROP, dilokasi sdh ada 14/01 bisa PT2 22/01 DROP, 22/01 AANWIDJZING, (15/1) ORDER DITERIMA MITRA 14/1, plan Aanwijdzing 19 Jan (07/1) ORDER JPP BATTCH 1 2026") -> 06/02 HASIL REVIEW TSEL DROP - SOLUSI PT2, 27/01 DROP, dilokasi sdh ada 14/01 bisa PT2 22/01 DROP, 22/01 AANWIDJZING, (15/1) ORDER DITERIMA MITRA 14/1, plan Aanwijdzing 19 Jan (07/1) ORDER JPP BATTCH 1 2026 | V49: =IFERROR(__xludf.DUMMYFUNCTION("""COMPUTED_VALUE"""),"PRIGUS") -> PRIGUS | X49: =IFERROR(__xludf.DUMMYFUNCTION("""COMPUTED_VALUE"""),"BELUM GOLIVE") -> BELUM GOLIVE | Z49: =IFERROR(__xludf.DUMMYFUNCTION("""COMPUTED_VALUE"""),"#N/A") -> #N/A | AF49: =IFERROR(__xludf.DUMMYFUNCTION("""COMPUTED_VALUE"""),"Draft BA DROP") -> Draft BA DROP | AI49: =IF(OR(R49="",AE49=""),"",R49-AE49) | AR49: 43 | AS49: 2026 | AT49: 11348055 | AU49: SMB P2I2 Ujang Limun ByPass PPJ Simpang | AV49: REGIONAL I | AW49: SUMBAR | AX49: PPJ | AY49: SUMBAGTENG | AZ49: BUKIT TINGGI | BA49: Batch 2 | BB49: 1 | BC49: 8 | BD49: PT TRI PENAMAS | BE49: 7. GOLIVE | BF49: 7.1 Golive Full | BH49: MARET | BJ49: 46112 | BK49: GOLIVE
A50: =IFERROR(__xludf.DUMMYFUNCTION("""COMPUTED_VALUE"""),2026.0) -> 2026 | B50: =IFERROR(__xludf.DUMMYFUNCTION("""COMPUTED_VALUE"""),1.1281269E7) -> 11281269 | C50: =IFERROR(__xludf.DUMMYFUNCTION("""COMPUTED_VALUE"""),"SMS PT3 ODC SBU FBF D08 Simpang sungki 2") -> SMS PT3 ODC SBU FBF D08 Simpang sungki 2 | D50: =IFERROR(__xludf.DUMMYFUNCTION("""COMPUTED_VALUE"""),"REGIONAL I") -> REGIONAL I | E50: =IFERROR(__xludf.DUMMYFUNCTION("""COMPUTED_VALUE"""),"SUMSEL") -> SUMSEL | F50: =IFERROR(__xludf.DUMMYFUNCTION("""COMPUTED_VALUE"""),"SBU") -> SBU | G50: =IFERROR(__xludf.DUMMYFUNCTION("""COMPUTED_VALUE"""),"SUMBAGSEL") -> SUMBAGSEL | H50: =IFERROR(__xludf.DUMMYFUNCTION("""COMPUTED_VALUE"""),"PALEMBANG") -> PALEMBANG | I50: =IFERROR(__xludf.DUMMYFUNCTION("""COMPUTED_VALUE"""),"Batch 1") -> Batch 1 | J50: =IFERROR(__xludf.DUMMYFUNCTION("""COMPUTED_VALUE"""),3.0) -> 3 | K50: =IFERROR(__xludf.DUMMYFUNCTION("""COMPUTED_VALUE"""),24.0) -> 24 | L50: =IFERROR(__xludf.DUMMYFUNCTION("""COMPUTED_VALUE"""),425711.0) -> 425711 | M50: =IFERROR(__xludf.DUMMYFUNCTION("""COMPUTED_VALUE"""),1.0217059E7) -> 10217059 | N50: =IFERROR(__xludf.DUMMYFUNCTION("""COMPUTED_VALUE"""),"PT ACERO CETHA METALINDO") -> PT ACERO CETHA METALINDO | O50: =IFERROR(__xludf.DUMMYFUNCTION("""COMPUTED_VALUE"""),"0. DROP") -> 0. DROP | P50: =IFERROR(__xludf.DUMMYFUNCTION("""COMPUTED_VALUE"""),"0.2 Tidak Dapat Izin Warga/Kades/Lurah/Developer") -> 0.2 Tidak Dapat Izin Warga/Kades/Lurah/Developer | Q50: =IFERROR(__xludf.DUMMYFUNCTION("""COMPUTED_VALUE"""),"06/02 HASIL REVIEW TSEL DROP HIGH COMCASE, 14/01 area High comcase 21/01 DROP, (15/1) ORDER DITERIMA MITRA 14/1, plan Aanwijdzing 19 Jan (07/1) ORDER JPP BATTCH 1 2026") -> 06/02 HASIL REVIEW TSEL DROP HIGH COMCASE, 14/01 area High comcase 21/01 DROP, (15/1) ORDER DITERIMA MITRA 14/1, plan Aanwijdzing 19 Jan (07/1) ORDER JPP BATTCH 1 2026 | V50: =IFERROR(__xludf.DUMMYFUNCTION("""COMPUTED_VALUE"""),"PRIGUS") -> PRIGUS | X50: =IFERROR(__xludf.DUMMYFUNCTION("""COMPUTED_VALUE"""),"BELUM GOLIVE") -> BELUM GOLIVE | Z50: =IFERROR(__xludf.DUMMYFUNCTION("""COMPUTED_VALUE"""),"#N/A") -> #N/A | AF50: =IFERROR(__xludf.DUMMYFUNCTION("""COMPUTED_VALUE"""),"Draft BA DROP") -> Draft BA DROP | AI50: =IF(OR(R50="",AE50=""),"",R50-AE50) | AR50: 44 | AS50: 2026 | AT50: 11612406 | AU50: SMB STTF-ADRINALDI | AV50: REGIONAL I | AW50: SUMBAR | AX50: SUM | AY50: SUMBAGTENG | AZ50: PADANG | BA50: Batch 2 | BB50: 1 | BC50: 8 | BD50: PT TRI PENAMAS | BE50: 7. GOLIVE | BF50: 7.1 Golive Full | BH50: MARET | BJ50: 46112 | BK50: GOLIVE
A51: =IFERROR(__xludf.DUMMYFUNCTION("""COMPUTED_VALUE"""),2026.0) -> 2026 | B51: =IFERROR(__xludf.DUMMYFUNCTION("""COMPUTED_VALUE"""),1.1281304E7) -> 11281304 | C51: =IFERROR(__xludf.DUMMYFUNCTION("""COMPUTED_VALUE"""),"SMS PT3 ODC SBU FBF D11 Dipo Kertapati 2") -> SMS PT3 ODC SBU FBF D11 Dipo Kertapati 2 | D51: =IFERROR(__xludf.DUMMYFUNCTION("""COMPUTED_VALUE"""),"REGIONAL I") -> REGIONAL I | E51: =IFERROR(__xludf.DUMMYFUNCTION("""COMPUTED_VALUE"""),"SUMSEL") -> SUMSEL | F51: =IFERROR(__xludf.DUMMYFUNCTION("""COMPUTED_VALUE"""),"SBU") -> SBU | G51: =IFERROR(__xludf.DUMMYFUNCTION("""COMPUTED_VALUE"""),"SUMBAGSEL") -> SUMBAGSEL | H51: =IFERROR(__xludf.DUMMYFUNCTION("""COMPUTED_VALUE"""),"PALEMBANG") -> PALEMBANG | I51: =IFERROR(__xludf.DUMMYFUNCTION("""COMPUTED_VALUE"""),"Batch 1") -> Batch 1 | J51: =IFERROR(__xludf.DUMMYFUNCTION("""COMPUTED_VALUE"""),3.0) -> 3 | K51: =IFERROR(__xludf.DUMMYFUNCTION("""COMPUTED_VALUE"""),24.0) -> 24 | L51: =IFERROR(__xludf.DUMMYFUNCTION("""COMPUTED_VALUE"""),596096.0) -> 596096 | M51: =IFERROR(__xludf.DUMMYFUNCTION("""COMPUTED_VALUE"""),1.4306292E7) -> 14306292 | N51: =IFERROR(__xludf.DUMMYFUNCTION("""COMPUTED_VALUE"""),"PT ACERO CETHA METALINDO") -> PT ACERO CETHA METALINDO | O51: =IFERROR(__xludf.DUMMYFUNCTION("""COMPUTED_VALUE"""),"0. DROP") -> 0. DROP | P51: =IFERROR(__xludf.DUMMYFUNCTION("""COMPUTED_VALUE"""),"0.2 Tidak Dapat Izin Warga/Kades/Lurah/Developer") -> 0.2 Tidak Dapat Izin Warga/Kades/Lurah/Developer | Q51: =IFERROR(__xludf.DUMMYFUNCTION("""COMPUTED_VALUE"""),"06/02 HASIL REVIEW TSEL DROP HIGH COMCASE, 14/01 area High comcase 22/01 DROP, 21/01 AANWIDJZING, (15/1) ORDER DITERIMA MITRA 14/1, plan Aanwijdzing 19 Jan (07/1) ORDER JPP BATTCH 1 2026") -> 06/02 HASIL REVIEW TSEL DROP HIGH COMCASE, 14/01 area High comcase 22/01 DROP, 21/01 AANWIDJZING, (15/1) ORDER DITERIMA MITRA 14/1, plan Aanwijdzing 19 Jan (07/1) ORDER JPP BATTCH 1 2026 | V51: =IFERROR(__xludf.DUMMYFUNCTION("""COMPUTED_VALUE"""),"PRIGUS") -> PRIGUS | X51: =IFERROR(__xludf.DUMMYFUNCTION("""COMPUTED_VALUE"""),"BELUM GOLIVE") -> BELUM GOLIVE | Z51: =IFERROR(__xludf.DUMMYFUNCTION("""COMPUTED_VALUE"""),"#N/A") -> #N/A | AF51: =IFERROR(__xludf.DUMMYFUNCTION("""COMPUTED_VALUE"""),"Draft BA DROP") -> Draft BA DROP | AI51: =IF(OR(R51="",AE51=""),"",R51-AE51) | AR51: 45 | AS51: 2026 | AT51: 12241969 | AU51: SMB PT3-SLK-FF 250_-356_2536 | AV51: REGIONAL I | AW51: SUMBAR | AX51: SLK | AY51: SUMBAGTENG | AZ51: PADANG | BA51: Batch 2 | BB51: 3 | BC51: 24 | BD51: PT TRI PENAMAS | BE51: 7. GOLIVE | BF51: 7.1 Golive Full | BH51: MARET | BJ51: 46112 | BK51: GOLIVE
A52: =IFERROR(__xludf.DUMMYFUNCTION("""COMPUTED_VALUE"""),2026.0) -> 2026 | B52: =IFERROR(__xludf.DUMMYFUNCTION("""COMPUTED_VALUE"""),1.1281347E7) -> 11281347 | C52: =IFERROR(__xludf.DUMMYFUNCTION("""COMPUTED_VALUE"""),"SMS PT3 ODC SBU FBF D11 Pasar Sungki") -> SMS PT3 ODC SBU FBF D11 Pasar Sungki | D52: =IFERROR(__xludf.DUMMYFUNCTION("""COMPUTED_VALUE"""),"REGIONAL I") -> REGIONAL I | E52: =IFERROR(__xludf.DUMMYFUNCTION("""COMPUTED_VALUE"""),"SUMSEL") -> SUMSEL | F52: =IFERROR(__xludf.DUMMYFUNCTION("""COMPUTED_VALUE"""),"SBU") -> SBU | G52: =IFERROR(__xludf.DUMMYFUNCTION("""COMPUTED_VALUE"""),"SUMBAGSEL") -> SUMBAGSEL | H52: =IFERROR(__xludf.DUMMYFUNCTION("""COMPUTED_VALUE"""),"PALEMBANG") -> PALEMBANG | I52: =IFERROR(__xludf.DUMMYFUNCTION("""COMPUTED_VALUE"""),"Batch 1") -> Batch 1 | J52: =IFERROR(__xludf.DUMMYFUNCTION("""COMPUTED_VALUE"""),3.0) -> 3 | K52: =IFERROR(__xludf.DUMMYFUNCTION("""COMPUTED_VALUE"""),24.0) -> 24 | L52: =IFERROR(__xludf.DUMMYFUNCTION("""COMPUTED_VALUE"""),567552.0) -> 567552 | M52: =IFERROR(__xludf.DUMMYFUNCTION("""COMPUTED_VALUE"""),1.3621239E7) -> 13621239 | N52: =IFERROR(__xludf.DUMMYFUNCTION("""COMPUTED_VALUE"""),"PT ACERO CETHA METALINDO") -> PT ACERO CETHA METALINDO | O52: =IFERROR(__xludf.DUMMYFUNCTION("""COMPUTED_VALUE"""),"0. DROP") -> 0. DROP | P52: =IFERROR(__xludf.DUMMYFUNCTION("""COMPUTED_VALUE"""),"0.2 Tidak Dapat Izin Warga/Kades/Lurah/Developer") -> 0.2 Tidak Dapat Izin Warga/Kades/Lurah/Developer | Q52: =IFERROR(__xludf.DUMMYFUNCTION("""COMPUTED_VALUE"""),"06/02 HASIL REVIEW TSEL DROP HIGH COMCASE, 14/01 area High comcase 14/01 area High comcase") -> 06/02 HASIL REVIEW TSEL DROP HIGH COMCASE, 14/01 area High comcase 14/01 area High comcase | V52: =IFERROR(__xludf.DUMMYFUNCTION("""COMPUTED_VALUE"""),"PRIGUS") -> PRIGUS | X52: =IFERROR(__xludf.DUMMYFUNCTION("""COMPUTED_VALUE"""),"BELUM GOLIVE") -> BELUM GOLIVE | Z52: =IFERROR(__xludf.DUMMYFUNCTION("""COMPUTED_VALUE"""),"#N/A") -> #N/A | AF52: =IFERROR(__xludf.DUMMYFUNCTION("""COMPUTED_VALUE"""),"Draft BA DROP") -> Draft BA DROP | AI52: =IF(OR(R52="",AE52=""),"",R52-AE52)
A53: =IFERROR(__xludf.DUMMYFUNCTION("""COMPUTED_VALUE"""),2026.0) -> 2026 | B53: =IFERROR(__xludf.DUMMYFUNCTION("""COMPUTED_VALUE"""),1.1288454E7) -> 11288454 | C53: =IFERROR(__xludf.DUMMYFUNCTION("""COMPUTED_VALUE"""),"Simpang Sungki") -> Simpang Sungki | D53: =IFERROR(__xludf.DUMMYFUNCTION("""COMPUTED_VALUE"""),"REGIONAL I") -> REGIONAL I | E53: =IFERROR(__xludf.DUMMYFUNCTION("""COMPUTED_VALUE"""),"SUMSEL") -> SUMSEL | F53: =IFERROR(__xludf.DUMMYFUNCTION("""COMPUTED_VALUE"""),"SBU") -> SBU | G53: =IFERROR(__xludf.DUMMYFUNCTION("""COMPUTED_VALUE"""),"SUMBAGSEL") -> SUMBAGSEL | H53: =IFERROR(__xludf.DUMMYFUNCTION("""COMPUTED_VALUE"""),"PALEMBANG") -> PALEMBANG | I53: =IFERROR(__xludf.DUMMYFUNCTION("""COMPUTED_VALUE"""),"Batch 1") -> Batch 1 | J53: =IFERROR(__xludf.DUMMYFUNCTION("""COMPUTED_VALUE"""),3.0) -> 3 | K53: =IFERROR(__xludf.DUMMYFUNCTION("""COMPUTED_VALUE"""),24.0) -> 24 | L53: =IFERROR(__xludf.DUMMYFUNCTION("""COMPUTED_VALUE"""),567552.0) -> 567552 | M53: =IFERROR(__xludf.DUMMYFUNCTION("""COMPUTED_VALUE"""),1.3621239E7) -> 13621239 | N53: =IFERROR(__xludf.DUMMYFUNCTION("""COMPUTED_VALUE"""),"PT ACERO CETHA METALINDO") -> PT ACERO CETHA METALINDO | O53: =IFERROR(__xludf.DUMMYFUNCTION("""COMPUTED_VALUE"""),"0. DROP") -> 0. DROP | P53: =IFERROR(__xludf.DUMMYFUNCTION("""COMPUTED_VALUE"""),"0.2 Tidak Dapat Izin Warga/Kades/Lurah/Developer") -> 0.2 Tidak Dapat Izin Warga/Kades/Lurah/Developer | Q53: =IFERROR(__xludf.DUMMYFUNCTION("""COMPUTED_VALUE"""),"15/01 DROP, area high comcase 21/01 DROP, SUDAH AANWIDJZING ' (07/01) Persiapan") -> 15/01 DROP, area high comcase 21/01 DROP, SUDAH AANWIDJZING ' (07/01) Persiapan | V53: =IFERROR(__xludf.DUMMYFUNCTION("""COMPUTED_VALUE"""),"PRIGUS") -> PRIGUS | X53: =IFERROR(__xludf.DUMMYFUNCTION("""COMPUTED_VALUE"""),"BELUM GOLIVE") -> BELUM GOLIVE | Z53: =IFERROR(__xludf.DUMMYFUNCTION("""COMPUTED_VALUE"""),"#N/A") -> #N/A | AF53: =IFERROR(__xludf.DUMMYFUNCTION("""COMPUTED_VALUE"""),"Draft BA DROP") -> Draft BA DROP | AI53: =IF(OR(R53="",AE53=""),"",R53-AE53)
A54: =IFERROR(__xludf.DUMMYFUNCTION("""COMPUTED_VALUE"""),2026.0) -> 2026 | B54: =IFERROR(__xludf.DUMMYFUNCTION("""COMPUTED_VALUE"""),1.2098101E7) -> 12098101 | C54: =IFERROR(__xludf.DUMMYFUNCTION("""COMPUTED_VALUE"""),"MDN PT3 BJI-FFD KOTA BINJAI_150829_MD25") -> MDN PT3 BJI-FFD KOTA BINJAI_150829_MD25 | D54: =IFERROR(__xludf.DUMMYFUNCTION("""COMPUTED_VALUE"""),"REGIONAL I") -> REGIONAL I | E54: =IFERROR(__xludf.DUMMYFUNCTION("""COMPUTED_VALUE"""),"MEDAN") -> MEDAN | F54: =IFERROR(__xludf.DUMMYFUNCTION("""COMPUTED_VALUE"""),"BJI") -> BJI | G54: =IFERROR(__xludf.DUMMYFUNCTION("""COMPUTED_VALUE"""),"SUMBAGUT") -> SUMBAGUT | H54: =IFERROR(__xludf.DUMMYFUNCTION("""COMPUTED_VALUE"""),"BINJAI") -> BINJAI | I54: =IFERROR(__xludf.DUMMYFUNCTION("""COMPUTED_VALUE"""),"Batch 1") -> Batch 1 | J54: =IFERROR(__xludf.DUMMYFUNCTION("""COMPUTED_VALUE"""),3.0) -> 3 | K54: =IFERROR(__xludf.DUMMYFUNCTION("""COMPUTED_VALUE"""),24.0) -> 24 | L54: =IFERROR(__xludf.DUMMYFUNCTION("""COMPUTED_VALUE"""),724586.0) -> 724586 | M54: =IFERROR(__xludf.DUMMYFUNCTION("""COMPUTED_VALUE"""),1.7390046E7) -> 17390046 | N54: =IFERROR(__xludf.DUMMYFUNCTION("""COMPUTED_VALUE"""),"PT FIBERHOME TECHNOLOGIES INDONESIA") -> PT FIBERHOME TECHNOLOGIES INDONESIA | O54: =IFERROR(__xludf.DUMMYFUNCTION("""COMPUTED_VALUE"""),"0. DROP") -> 0. DROP | P54: =IFERROR(__xludf.DUMMYFUNCTION("""COMPUTED_VALUE"""),"0.1 Double Order") -> 0.1 Double Order | Q54: =IFERROR(__xludf.DUMMYFUNCTION("""COMPUTED_VALUE"""),"20/04 Sudah tercover alpro existing 20/04 takeover mitra 09/04 komitmen aanwidzing ulang 13/04 31/03 komitmen perizinan (02/04) 05/03 feeder dist ready (07/02) survey jalur dan permit 07/01) Persiapan") -> 20/04 Sudah tercover alpro existing 20/04 takeover mitra 09/04 komitmen aanwidzing ulang 13/04 31/03 komitmen perizinan (02/04) 05/03 feeder dist ready (07/02) survey jalur dan permit 07/01) Persiapan | V54: =IFERROR(__xludf.DUMMYFUNCTION("""COMPUTED_VALUE"""),"20/Apr/2026") -> 20/Apr/2026 | X54: =IFERROR(__xludf.DUMMYFUNCTION("""COMPUTED_VALUE"""),"BELUM GOLIVE") -> BELUM GOLIVE | Z54: =IFERROR(__xludf.DUMMYFUNCTION("""COMPUTED_VALUE"""),"#N/A") -> #N/A | AI54: =IF(OR(R54="",AE54=""),"",R54-AE54)
A55: =IFERROR(__xludf.DUMMYFUNCTION("""COMPUTED_VALUE"""),2026.0) -> 2026 | B55: =IFERROR(__xludf.DUMMYFUNCTION("""COMPUTED_VALUE"""),1.2098542E7) -> 12098542 | C55: =IFERROR(__xludf.DUMMYFUNCTION("""COMPUTED_VALUE"""),"MDN PT3 BJI-FEC LANGKAT_142363_MD25") -> MDN PT3 BJI-FEC LANGKAT_142363_MD25 | D55: =IFERROR(__xludf.DUMMYFUNCTION("""COMPUTED_VALUE"""),"REGIONAL I") -> REGIONAL I | E55: =IFERROR(__xludf.DUMMYFUNCTION("""COMPUTED_VALUE"""),"MEDAN") -> MEDAN | F55: =IFERROR(__xludf.DUMMYFUNCTION("""COMPUTED_VALUE"""),"BJI") -> BJI | G55: =IFERROR(__xludf.DUMMYFUNCTION("""COMPUTED_VALUE"""),"SUMBAGUT") -> SUMBAGUT | H55: =IFERROR(__xludf.DUMMYFUNCTION("""COMPUTED_VALUE"""),"BINJAI") -> BINJAI | I55: =IFERROR(__xludf.DUMMYFUNCTION("""COMPUTED_VALUE"""),"Batch 1") -> Batch 1 | J55: =IFERROR(__xludf.DUMMYFUNCTION("""COMPUTED_VALUE"""),3.0) -> 3 | K55: =IFERROR(__xludf.DUMMYFUNCTION("""COMPUTED_VALUE"""),24.0) -> 24 | L55: =IFERROR(__xludf.DUMMYFUNCTION("""COMPUTED_VALUE"""),788371.0) -> 788371 | M55: =IFERROR(__xludf.DUMMYFUNCTION("""COMPUTED_VALUE"""),1.8920901E7) -> 18920901 | N55: =IFERROR(__xludf.DUMMYFUNCTION("""COMPUTED_VALUE"""),"PT FIBERHOME TECHNOLOGIES INDONESIA") -> PT FIBERHOME TECHNOLOGIES INDONESIA | O55: =IFERROR(__xludf.DUMMYFUNCTION("""COMPUTED_VALUE"""),"0. DROP") -> 0. DROP | P55: =IFERROR(__xludf.DUMMYFUNCTION("""COMPUTED_VALUE"""),"0.1 Double Order") -> 0.1 Double Order | Q55: =IFERROR(__xludf.DUMMYFUNCTION("""COMPUTED_VALUE"""),"20/04 Sudah tercover alpro existing 20/04 takeover mitra 09/04 komitmen perizinan 11/04 31/03 komitmen perizinan (03/04) (07/02) on going permit tiang (07/01) Persiapan") -> 20/04 Sudah tercover alpro existing 20/04 takeover mitra 09/04 komitmen perizinan 11/04 31/03 komitmen perizinan (03/04) (07/02) on going permit tiang (07/01) Persiapan | V55: =IFERROR(__xludf.DUMMYFUNCTION("""COMPUTED_VALUE"""),"27/Apr/2026") -> 27/Apr/2026 | X55: =IFERROR(__xludf.DUMMYFUNCTION("""COMPUTED_VALUE"""),"BELUM GOLIVE") -> BELUM GOLIVE | Z55: =IFERROR(__xludf.DUMMYFUNCTION("""COMPUTED_VALUE"""),"#N/A") -> #N/A | AI55: =IF(OR(R55="",AE55=""),"",R55-AE55)
A56: =IFERROR(__xludf.DUMMYFUNCTION("""COMPUTED_VALUE"""),2026.0) -> 2026 | B56: =IFERROR(__xludf.DUMMYFUNCTION("""COMPUTED_VALUE"""),1.2260283E7) -> 12260283 | C56: =IFERROR(__xludf.DUMMYFUNCTION("""COMPUTED_VALUE"""),"SMB STTF PERUMAHAN GRAHA BUKIT") -> SMB STTF PERUMAHAN GRAHA BUKIT | D56: =IFERROR(__xludf.DUMMYFUNCTION("""COMPUTED_VALUE"""),"REGIONAL I") -> REGIONAL I | E56: =IFERROR(__xludf.DUMMYFUNCTION("""COMPUTED_VALUE"""),"SUMBAR") -> SUMBAR | F56: =IFERROR(__xludf.DUMMYFUNCTION("""COMPUTED_VALUE"""),"LBA") -> LBA | G56: =IFERROR(__xludf.DUMMYFUNCTION("""COMPUTED_VALUE"""),"SUMBAGTENG") -> SUMBAGTENG | H56: =IFERROR(__xludf.DUMMYFUNCTION("""COMPUTED_VALUE"""),"BUKIT TINGGI") -> BUKIT TINGGI | I56: =IFERROR(__xludf.DUMMYFUNCTION("""COMPUTED_VALUE"""),"Batch 1") -> Batch 1 | J56: =IFERROR(__xludf.DUMMYFUNCTION("""COMPUTED_VALUE"""),2.0) -> 2 | K56: =IFERROR(__xludf.DUMMYFUNCTION("""COMPUTED_VALUE"""),16.0) -> 16 | L56: =IFERROR(__xludf.DUMMYFUNCTION("""COMPUTED_VALUE"""),897390.0) -> 897390 | M56: =IFERROR(__xludf.DUMMYFUNCTION("""COMPUTED_VALUE"""),1.4358236E7) -> 14358236 | N56: =IFERROR(__xludf.DUMMYFUNCTION("""COMPUTED_VALUE"""),"PT PUTRI JAYA AKSES") -> PT PUTRI JAYA AKSES | O56: =IFERROR(__xludf.DUMMYFUNCTION("""COMPUTED_VALUE"""),"0. DROP") -> 0. DROP | P56: =IFERROR(__xludf.DUMMYFUNCTION("""COMPUTED_VALUE"""),"0.3 Feeder Full") -> 0.3 Feeder Full | Q56: =IFERROR(__xludf.DUMMYFUNCTION("""COMPUTED_VALUE"""),"(26/01) kendala feeder LBA-FD full ") -> (26/01) kendala feeder LBA-FD full | V56: =IFERROR(__xludf.DUMMYFUNCTION("""COMPUTED_VALUE"""),"JANUAR RIZAL") -> JANUAR RIZAL | W56: =IFERROR(__xludf.DUMMYFUNCTION("""COMPUTED_VALUE"""),"MELKO NARWADI") -> MELKO NARWADI | X56: =IFERROR(__xludf.DUMMYFUNCTION("""COMPUTED_VALUE"""),"BELUM GOLIVE") -> BELUM GOLIVE | Z56: =IFERROR(__xludf.DUMMYFUNCTION("""COMPUTED_VALUE"""),"#N/A") -> #N/A | AF56: =IFERROR(__xludf.DUMMYFUNCTION("""COMPUTED_VALUE"""),"Draft BA DROP") -> Draft BA DROP | AI56: =IF(OR(R56="",AE56=""),"",R56-AE56)
A57: =IFERROR(__xludf.DUMMYFUNCTION("""COMPUTED_VALUE"""),2026.0) -> 2026 | B57: =IFERROR(__xludf.DUMMYFUNCTION("""COMPUTED_VALUE"""),1.1902218E7) -> 11902218 | C57: =IFERROR(__xludf.DUMMYFUNCTION("""COMPUTED_VALUE"""),"MDN PT3 LBP-FC DELI SERDANG_36762_MD25") -> MDN PT3 LBP-FC DELI SERDANG_36762_MD25 | D57: =IFERROR(__xludf.DUMMYFUNCTION("""COMPUTED_VALUE"""),"REGIONAL I") -> REGIONAL I | E57: =IFERROR(__xludf.DUMMYFUNCTION("""COMPUTED_VALUE"""),"MEDAN") -> MEDAN | F57: =IFERROR(__xludf.DUMMYFUNCTION("""COMPUTED_VALUE"""),"LBP") -> LBP | G57: =IFERROR(__xludf.DUMMYFUNCTION("""COMPUTED_VALUE"""),"SUMBAGUT") -> SUMBAGUT | H57: =IFERROR(__xludf.DUMMYFUNCTION("""COMPUTED_VALUE"""),"MEDAN") -> MEDAN | I57: =IFERROR(__xludf.DUMMYFUNCTION("""COMPUTED_VALUE"""),"Batch 1") -> Batch 1 | J57: =IFERROR(__xludf.DUMMYFUNCTION("""COMPUTED_VALUE"""),4.0) -> 4 | K57: =IFERROR(__xludf.DUMMYFUNCTION("""COMPUTED_VALUE"""),32.0) -> 32 | L57: =IFERROR(__xludf.DUMMYFUNCTION("""COMPUTED_VALUE"""),899984.0) -> 899984 | M57: =IFERROR(__xludf.DUMMYFUNCTION("""COMPUTED_VALUE"""),2.8799479E7) -> 28799479 | N57: =IFERROR(__xludf.DUMMYFUNCTION("""COMPUTED_VALUE"""),"PT NIAGA NUSANTARA DIVA") -> PT NIAGA NUSANTARA DIVA | O57: =IFERROR(__xludf.DUMMYFUNCTION("""COMPUTED_VALUE"""),"7. GOLIVE") -> 7. GOLIVE | P57: =IFERROR(__xludf.DUMMYFUNCTION("""COMPUTED_VALUE"""),"7.2 Golive Full / OA / DONE OTB") -> 7.2 Golive Full / OA / DONE OTB | Q57: =IFERROR(__xludf.DUMMYFUNCTION("""COMPUTED_VALUE"""),"07/03 golive sdi 06/03 pengecekan abd mancore 04/03 pemasangan odp & terminasi 13/02 waiting apprv prelim comcase 1,5 JT 12/02 proses perizinan (08/01) Doubel order dengan MD150 dan sudah gl , Proses mapping mitra (07/01) Persiapan") -> 07/03 golive sdi 06/03 pengecekan abd mancore 04/03 pemasangan odp & terminasi 13/02 waiting apprv prelim comcase 1,5 JT 12/02 proses perizinan (08/01) Doubel order dengan MD150 dan sudah gl , Proses mapping mitra (07/01) Persiapan | R57: =IFERROR(__xludf.DUMMYFUNCTION("""COMPUTED_VALUE"""),46087.0) -> 46087 | S57: =IFERROR(__xludf.DUMMYFUNCTION("""COMPUTED_VALUE"""),"MAR") -> MAR | U57: =IFERROR(__xludf.DUMMYFUNCTION("""COMPUTED_VALUE"""),"TIF-2522/2026") -> TIF-2522/2026 | X57: =IFERROR(__xludf.DUMMYFUNCTION("""COMPUTED_VALUE"""),"GOLIVE") -> GOLIVE | Y57: =IFERROR(__xludf.DUMMYFUNCTION("""COMPUTED_VALUE"""),"DONE") -> DONE | Z57: =IFERROR(__xludf.DUMMYFUNCTION("""COMPUTED_VALUE"""),"#N/A") -> #N/A | AA57: =IFERROR(__xludf.DUMMYFUNCTION("""COMPUTED_VALUE"""),4.0) -> 4 | AC57: =IFERROR(__xludf.DUMMYFUNCTION("""COMPUTED_VALUE"""),"9185555#9185560") -> 9185555#9185560 | AD57: =IFERROR(__xludf.DUMMYFUNCTION("""COMPUTED_VALUE"""),32.0) -> 32 | AE57: =IFERROR(__xludf.DUMMYFUNCTION("""COMPUTED_VALUE"""),46087.0) -> 46087 | AH57: 46087 | AI57: =IF(OR(R57="",AE57=""),"",R57-AE57) -> 0
A58: =IFERROR(__xludf.DUMMYFUNCTION("""COMPUTED_VALUE"""),2026.0) -> 2026 | B58: =IFERROR(__xludf.DUMMYFUNCTION("""COMPUTED_VALUE"""),1.1900383E7) -> 11900383 | C58: =IFERROR(__xludf.DUMMYFUNCTION("""COMPUTED_VALUE"""),"PT3 LBP-FH DELI SERDANG_159194_H2_2025") -> PT3 LBP-FH DELI SERDANG_159194_H2_2025 | D58: =IFERROR(__xludf.DUMMYFUNCTION("""COMPUTED_VALUE"""),"REGIONAL I") -> REGIONAL I | E58: =IFERROR(__xludf.DUMMYFUNCTION("""COMPUTED_VALUE"""),"MEDAN") -> MEDAN | F58: =IFERROR(__xludf.DUMMYFUNCTION("""COMPUTED_VALUE"""),"LBP") -> LBP | G58: =IFERROR(__xludf.DUMMYFUNCTION("""COMPUTED_VALUE"""),"SUMBAGUT") -> SUMBAGUT | H58: =IFERROR(__xludf.DUMMYFUNCTION("""COMPUTED_VALUE"""),"MEDAN") -> MEDAN | I58: =IFERROR(__xludf.DUMMYFUNCTION("""COMPUTED_VALUE"""),"Batch 1") -> Batch 1 | J58: =IFERROR(__xludf.DUMMYFUNCTION("""COMPUTED_VALUE"""),3.0) -> 3 | K58: =IFERROR(__xludf.DUMMYFUNCTION("""COMPUTED_VALUE"""),24.0) -> 24 | L58: =IFERROR(__xludf.DUMMYFUNCTION("""COMPUTED_VALUE"""),1145784.0) -> 1145784 | M58: =IFERROR(__xludf.DUMMYFUNCTION("""COMPUTED_VALUE"""),2.7498808E7) -> 27498808 | N58: =IFERROR(__xludf.DUMMYFUNCTION("""COMPUTED_VALUE"""),"PT NIAGA NUSANTARA DIVA") -> PT NIAGA NUSANTARA DIVA | O58: =IFERROR(__xludf.DUMMYFUNCTION("""COMPUTED_VALUE"""),"7. GOLIVE") -> 7. GOLIVE | P58: =IFERROR(__xludf.DUMMYFUNCTION("""COMPUTED_VALUE"""),"7.2 Golive Full / OA / DONE OTB") -> 7.2 Golive Full / OA / DONE OTB | Q58: =IFERROR(__xludf.DUMMYFUNCTION("""COMPUTED_VALUE"""),"08/04 golive sdi 07/04 pemasangan odp 02/04 penarikan kabel 12/03 proses matrial 12/02 proses perizinan (07/01) Persiapan") -> 08/04 golive sdi 07/04 pemasangan odp 02/04 penarikan kabel 12/03 proses matrial 12/02 proses perizinan (07/01) Persiapan | R58: =IFERROR(__xludf.DUMMYFUNCTION("""COMPUTED_VALUE"""),46120.0) -> 46120 | X58: =IFERROR(__xludf.DUMMYFUNCTION("""COMPUTED_VALUE"""),"GOLIVE") -> GOLIVE | Y58: =IFERROR(__xludf.DUMMYFUNCTION("""COMPUTED_VALUE"""),"DONE") -> DONE | Z58: =IFERROR(__xludf.DUMMYFUNCTION("""COMPUTED_VALUE"""),"#N/A") -> #N/A | AA58: =IFERROR(__xludf.DUMMYFUNCTION("""COMPUTED_VALUE"""),3.0) -> 3 | AC58: =IFERROR(__xludf.DUMMYFUNCTION("""COMPUTED_VALUE"""),"9251408#9251413") -> 9251408#9251413 | AD58: =IFERROR(__xludf.DUMMYFUNCTION("""COMPUTED_VALUE"""),24.0) -> 24 | AE58: =IFERROR(__xludf.DUMMYFUNCTION("""COMPUTED_VALUE"""),46120.0) -> 46120 | AH58: 46120 | AI58: =IF(OR(R58="",AE58=""),"",R58-AE58) -> 0
A59: =IFERROR(__xludf.DUMMYFUNCTION("""COMPUTED_VALUE"""),2026.0) -> 2026 | B59: =IFERROR(__xludf.DUMMYFUNCTION("""COMPUTED_VALUE"""),1.1900171E7) -> 11900171 | C59: =IFERROR(__xludf.DUMMYFUNCTION("""COMPUTED_VALUE"""),"MDN PT3 LBP-FQ 250_1637_1729") -> MDN PT3 LBP-FQ 250_1637_1729 | D59: =IFERROR(__xludf.DUMMYFUNCTION("""COMPUTED_VALUE"""),"REGIONAL I") -> REGIONAL I | E59: =IFERROR(__xludf.DUMMYFUNCTION("""COMPUTED_VALUE"""),"MEDAN") -> MEDAN | F59: =IFERROR(__xludf.DUMMYFUNCTION("""COMPUTED_VALUE"""),"LBP") -> LBP | G59: =IFERROR(__xludf.DUMMYFUNCTION("""COMPUTED_VALUE"""),"SUMBAGUT") -> SUMBAGUT | H59: =IFERROR(__xludf.DUMMYFUNCTION("""COMPUTED_VALUE"""),"MEDAN") -> MEDAN | I59: =IFERROR(__xludf.DUMMYFUNCTION("""COMPUTED_VALUE"""),"Batch 1") -> Batch 1 | J59: =IFERROR(__xludf.DUMMYFUNCTION("""COMPUTED_VALUE"""),3.0) -> 3 | K59: =IFERROR(__xludf.DUMMYFUNCTION("""COMPUTED_VALUE"""),24.0) -> 24 | L59: =IFERROR(__xludf.DUMMYFUNCTION("""COMPUTED_VALUE"""),606558.0) -> 606558 | M59: =IFERROR(__xludf.DUMMYFUNCTION("""COMPUTED_VALUE"""),1.4557392E7) -> 14557392 | N59: =IFERROR(__xludf.DUMMYFUNCTION("""COMPUTED_VALUE"""),"PT NIAGA NUSANTARA DIVA") -> PT NIAGA NUSANTARA DIVA | O59: =IFERROR(__xludf.DUMMYFUNCTION("""COMPUTED_VALUE"""),"0. DROP") -> 0. DROP | P59: =IFERROR(__xludf.DUMMYFUNCTION("""COMPUTED_VALUE"""),"0.2 Tidak Dapat Izin Warga/Kades/Lurah/Developer") -> 0.2 Tidak Dapat Izin Warga/Kades/Lurah/Developer | Q59: =IFERROR(__xludf.DUMMYFUNCTION("""COMPUTED_VALUE"""),"02/04 tdk dapat izin dari warga (tdk ada space tanam tiang) 31/03 komitmen perizinan (01/04) 14/02 proses perizinan (07/01) Persiapan") -> 02/04 tdk dapat izin dari warga (tdk ada space tanam tiang) 31/03 komitmen perizinan (01/04) 14/02 proses perizinan (07/01) Persiapan | X59: =IFERROR(__xludf.DUMMYFUNCTION("""COMPUTED_VALUE"""),"BELUM GOLIVE") -> BELUM GOLIVE | Z59: =IFERROR(__xludf.DUMMYFUNCTION("""COMPUTED_VALUE"""),"#N/A") -> #N/A | AI59: =IF(OR(R59="",AE59=""),"",R59-AE59)
A60: =IFERROR(__xludf.DUMMYFUNCTION("""COMPUTED_VALUE"""),2026.0) -> 2026 | B60: =IFERROR(__xludf.DUMMYFUNCTION("""COMPUTED_VALUE"""),1.1899667E7) -> 11899667 | C60: =IFERROR(__xludf.DUMMYFUNCTION("""COMPUTED_VALUE"""),"MDN PT3 LBP-FA DELI SERDANG_55079_MD25") -> MDN PT3 LBP-FA DELI SERDANG_55079_MD25 | D60: =IFERROR(__xludf.DUMMYFUNCTION("""COMPUTED_VALUE"""),"REGIONAL I") -> REGIONAL I | E60: =IFERROR(__xludf.DUMMYFUNCTION("""COMPUTED_VALUE"""),"MEDAN") -> MEDAN | F60: =IFERROR(__xludf.DUMMYFUNCTION("""COMPUTED_VALUE"""),"LBP") -> LBP | G60: =IFERROR(__xludf.DUMMYFUNCTION("""COMPUTED_VALUE"""),"SUMBAGUT") -> SUMBAGUT | H60: =IFERROR(__xludf.DUMMYFUNCTION("""COMPUTED_VALUE"""),"MEDAN") -> MEDAN | I60: =IFERROR(__xludf.DUMMYFUNCTION("""COMPUTED_VALUE"""),"Batch 1") -> Batch 1 | J60: =IFERROR(__xludf.DUMMYFUNCTION("""COMPUTED_VALUE"""),2.0) -> 2 | K60: =IFERROR(__xludf.DUMMYFUNCTION("""COMPUTED_VALUE"""),16.0) -> 16 | L60: =IFERROR(__xludf.DUMMYFUNCTION("""COMPUTED_VALUE"""),562442.0) -> 562442 | M60: =IFERROR(__xludf.DUMMYFUNCTION("""COMPUTED_VALUE"""),8999059.0) -> 8999059 | N60: =IFERROR(__xludf.DUMMYFUNCTION("""COMPUTED_VALUE"""),"PT NIAGA NUSANTARA DIVA") -> PT NIAGA NUSANTARA DIVA | O60: =IFERROR(__xludf.DUMMYFUNCTION("""COMPUTED_VALUE"""),"0. DROP") -> 0. DROP | P60: =IFERROR(__xludf.DUMMYFUNCTION("""COMPUTED_VALUE"""),"0.1 Double Order") -> 0.1 Double Order | Q60: =IFERROR(__xludf.DUMMYFUNCTION("""COMPUTED_VALUE"""),"12/02 dist05 tidak tembus (07/01) Persiapan") -> 12/02 dist05 tidak tembus (07/01) Persiapan | X60: =IFERROR(__xludf.DUMMYFUNCTION("""COMPUTED_VALUE"""),"BELUM GOLIVE") -> BELUM GOLIVE | Z60: =IFERROR(__xludf.DUMMYFUNCTION("""COMPUTED_VALUE"""),"#N/A") -> #N/A | AI60: =IF(OR(R60="",AE60=""),"",R60-AE60)
